id_mun,cobertura_prog_hambre,cobertura_programas,cobertura_prog_hambre_y_leche
1001,1.0020648,1.6533747,1.1473738
1002,0.66953778,1.4682745,0.73327589
1003,0.65581697,1.2307445,0.68514341
1004,1.7370185,3.6482413,1.7822446
1005,0.46079448,0.80328155,0.53333336
1006,0.69198608,1.6355401,0.75191635
1007,0.24084249,0.35073259,0.25869963
1008,1.5289257,3.3140495,1.5330578
1009,1.1963824,1.9293712,1.2196382
1010,0.47191736,0.82956749,0.5138799
1011,0.50561798,1.5449438,0.73244381
2001,1.1290755,1.1983142,1.1349574
2002,1.5676725,1.6661769,1.575702
2003,2.601048,2.7507484,2.6212575
2004,1.1503209,1.1901644,1.1550961
2005,1.047228,1.1634496,1.0558522
3001,0.74256545,0.89658231,0.78317797
3002,0.87400144,1.0243282,0.89832968
3003,1.001684,1.2371762,1.0634716
3008,0.94540179,1.1243815,0.97867256
3009,0.48540354,0.57985115,0.50314826
4001,0.14955731,0.24024886,0.15924862
4002,0.34405422,0.47551742,0.36734694
4003,0.31498581,0.36640716,0.3222886
4004,0.18034765,0.29792371,0.198817
4005,0.38436091,0.47218046,0.39518797
4006,0.096616343,0.12618428,0.10244665
4007,0.35979971,0.44921315,0.36552218
4008,0.13748191,0.19681621,0.1447178
4009,0.32237095,0.37648183,0.32676864
4010,0.18624593,0.23255016,0.19379181
4011,0.21508078,0.30233392,0.22345901
5001,0.059999999,0.059999999,0.059999999
5002,0.4970628,0.52485317,0.50994128
5003,1.062802,1.7198068,1.1304348
5004,0.75469834,0.9436202,0.76063305
5005,0.2647059,0.27941176,0.27941176
5006,0.32457143,0.43542856,0.37257144
5007,0.40196079,0.48039216,0.41176471
5008,0.16470589,0.16470589,0.16470589
5009,0.32721263,0.37128168,0.33125231
5010,0.3306846,0.49877751,0.39914426
5011,0.3577832,0.44987774,0.36104318
5012,0.72151899,0.82278478,0.72151899
5013,0.75213677,0.81196582,0.75213677
5014,0.66858792,0.73487031,0.66858792
5015,0.32352942,0.36764705,0.32352942
5016,0.20833333,0.20833333,0.20833333
5017,0.30337077,0.3695097,0.31128702
5018,0.32526585,0.46607995,0.3744041
5019,0.29714286,0.40000001,0.29714286
5020,0.4677766,0.70247048,0.51879698
5021,0.15544042,0.1865285,0.15544042
5022,0.75103307,0.80061984,0.75929755
5023,0.48090523,0.56577086,0.49504951
5024,0.53587723,0.68436331,0.53795105
5025,1.1911594,1.2621171,1.202404
5026,0.019607844,0.13725491,0.019607844
5027,0.39504132,0.46900827,0.4016529
5028,0.42987248,0.56284153,0.43624774
5029,2.5769231,3.7307692,2.5769231
5030,0.42948961,0.61066562,0.46869034
5031,0.35634327,0.37126866,0.36007464
5032,1.0918367,1.4642857,1.125
5033,0.31505054,0.44271809,0.34649944
5034,0.46153846,0.62721896,0.46153846
5035,0.34957036,0.49137777,0.37914073
5036,0.072720945,0.099164926,0.074460685
5037,0.88983053,0.92372882,0.88983053
5038,0.18380062,0.23987539,0.18691589
6001,1.2708089,1.5943727,1.3165299
6002,1.0087992,1.3721532,1.0698757
6003,1.1398026,1.7796053,1.1825658
6004,2.7036145,3.2289157,2.7662652
6005,2.2049181,2.5300546,2.2513661
6006,1.2714932,2.045249,1.3303168
6007,0.70763958,0.85626835,0.74142998
6008,2.5856574,3.2191236,2.6653388
6009,1.1398053,1.5045971,1.2263385
6010,0.77109706,1.2067511,0.81540084
7001,0.089279898,0.10035843,0.090909094
7002,0.14635807,0.255548,0.15929204
7003,0.20305273,0.43246993,0.22086032
7004,0.079092585,0.085530348,0.079245858
7005,0.10260508,0.14623621,0.10260508
7006,0.44480464,0.48387647,0.44872889
7007,0.14260302,0.16780314,0.14378892
7008,0.24158041,0.35325849,0.25470185
7009,0.77448952,0.95412844,0.77981651
7010,0.1388889,0.15256411,0.13931625
7011,0.18325792,0.41587824,0.20485397
7012,0.37902838,0.55828124,0.39105338
7013,0.27862546,0.35372165,0.28074831
7014,0.32515052,0.35155165,0.32530493
7015,1.3362222,1.4526666,1.3475555
7016,0.23268037,0.26564738,0.23554707
7017,0.33497733,0.41348973,0.34310851
7018,0.13970588,0.15441176,0.14068627
7019,0.43036324,0.52635825,0.43284693
7020,0.38091978,0.45224237,0.38651147
7021,0.085085414,0.091327198,0.086399473
7022,0.45581627,0.51139957,0.45598269
7023,0.19318075,0.21752849,0.19318075
7024,0.3217583,0.3504203,0.32423866
7025,0.24022347,0.26368716,0.24134079
7026,0.19034466,0.20811099,0.190533
7027,0.59806687,0.72987771,0.60927206
7028,0.50393701,0.61220473,0.52066928
7029,0.080607474,0.10163552,0.081775703
7030,0.4523747,0.48425609,0.45696667
7031,0.14539649,0.15533863,0.14539649
7032,0.14197212,0.22990879,0.15195319
7033,0.19638722,0.21815656,0.19638722
7034,0.685772,0.7326169,0.6939469
7035,0.74273461,0.81419724,0.74606955
7036,0.14638783,0.15703422,0.14676806
7037,0.35153073,0.47955471,0.3618069
7038,0.1031701,0.11214635,0.10328372
7039,0.10588235,0.1158044,0.10588235
7040,0.27310264,0.38360205,0.28273693
7041,0.22345154,0.24841608,0.2243026
7042,0.26140568,0.35912454,0.26726264
7043,0.14124514,0.22412452,0.15525292
7044,0.11168408,0.15958746,0.11358393
7045,0.065602839,0.10756501,0.067966901
7046,0.39293921,0.4426572,0.40254858
7047,0.19179913,0.20234735,0.19224484
7048,0.289956,0.3420088,0.29472139
7049,0.34317344,0.38332972,0.34349903
7050,0.24253285,0.35244924,0.25806451
7051,0.23749416,0.46594983,0.24232507
7052,0.3850604,0.41689244,0.38582233
7053,0.25377154,0.27424568,0.25808188
7054,0.53954268,0.68554646,0.54730439
7055,0.96353167,1.0652591,0.97120923
7056,0.17664959,0.18930173,0.17664959
7057,0.45242774,0.48562276,0.45759627
7058,0.31614861,0.42077333,0.3297953
7059,0.11267884,0.1223721,0.11273528
7060,0.22696525,0.27035221,0.22883135
7061,0.29847091,0.36194393,0.30378345
7062,0.21224117,0.22807552,0.21285018
7063,0.049295776,0.066901408,0.049295776
7064,0.19677478,0.21380685,0.19709186
7065,0.18303789,0.20005247,0.1841622
7066,0.12881774,0.14938423,0.12894088
7067,0.27830622,0.34949371,0.27830622
7068,0.24910934,0.35105509,0.26226363
7069,0.18232271,0.22168551,0.18345323
7070,0.20634921,0.2296467,0.20711726
7071,0.33782887,0.53968602,0.34313509
7072,0.12069674,0.13573247,0.12102539
7073,0.12201213,0.17731002,0.12272565
7074,0.23191366,0.252042,0.2365811
7075,0.10149635,0.19788888,0.10984804
7076,0.10668084,0.11722488,0.10685805
7077,0.10164338,0.11872412,0.10196687
7078,0.20415643,0.23757169,0.20454447
7079,0.18948306,0.31764707,0.19786096
7080,0.25243497,0.28497764,0.25736222
7081,0.23110983,0.24708827,0.23130234
7082,0.22521339,0.24513023,0.22608887
7083,0.11254089,0.12693566,0.11494002
7084,0.097256854,0.12817955,0.10274314
7085,0.1005291,0.10934744,0.1005291
7086,0.1765999,0.19907181,0.17830972
7087,0.47506189,0.4989388,0.47576937
7088,0.43514645,0.4623431,0.43723848
7089,0.65025508,0.69677931,0.65609056
7090,0.18762475,0.31337327,0.18762475
7091,0.066736728,0.18024172,0.083552286
7092,0.30573636,0.37533629,0.31658423
7093,0.087285906,0.095520422,0.087285906
7094,0.33512619,0.3852917,0.33585024
7096,0.13904338,0.16172731,0.13904338
7097,0.49857691,0.63676512,0.5062322
7098,0.11233108,0.18327703,0.11739865
7099,0.81861341,0.91296154,0.82305956
7100,0.23438735,0.26887351,0.23458499
7101,0.30560574,0.40956166,0.32698098
7102,0.8827545,0.9332146,0.88483232
7103,0.21721056,0.32113907,0.23259197
7104,0.31667706,0.40599626,0.32792005
7105,1.4015104,1.499056,1.4115796
7106,0.2821067,0.31974906,0.28753692
7107,0.37957725,0.46871093,0.38535279
7108,0.34018365,0.39927542,0.34549317
7109,0.49024865,0.65163332,0.49098
7110,0.33333334,0.36870897,0.33807439
7111,0.16084413,0.18030725,0.16182822
7112,0.2963942,0.33150333,0.29659754
7113,0.2946623,0.32244009,0.2946623
7114,0.28282827,0.31952175,0.28530201
7115,0.21165511,0.2270364,0.21165511
7116,0.22323462,0.24738041,0.22323462
7117,0.16765819,0.19145484,0.17252569
7118,0.19668247,0.23400474,0.19668247
7119,0.47133139,0.50826043,0.47230321
8001,0.23324397,0.28954422,0.24396783
8002,0.43173432,0.55719554,0.47785977
8003,1.3227848,1.4905063,1.3227848
8004,2.5342467,2.7808218,2.5616438
8005,0.56004059,0.57324195,0.56181771
8006,4.7857141,5.7619047,4.7857141
8007,0.27849701,0.37196085,0.28228608
8008,0.46586466,0.50015038,0.46766916
8009,0.65447855,0.81570554,0.67607361
8010,0.15712546,0.22777101,0.15712546
8011,1.2565757,1.3305211,1.2674938
8012,0.14441901,0.19908467,0.15052123
8013,0.29198965,0.42248061,0.31524548
8014,1.3666667,1.9333333,1.3666667
8015,0.32110092,0.70642203,0.32110092
8016,0.1835206,0.23970038,0.1835206
8017,0.36469954,0.5127033,0.40516198
8018,0.67420816,0.73303169,0.67420816
8019,1.1626292,1.4814718,1.2423726
8020,0.23227753,0.26344898,0.23227753
8021,0.89789677,1.2210325,0.96022946
8022,0.72307694,0.7846154,0.72307694
8023,0.34353742,0.39455783,0.34353742
8024,0.50549453,0.65934068,0.54945058
8025,1.9179105,2.1604478,1.9179105
8026,0.73333335,0.81333333,0.73333335
8027,0.55092984,0.6076746,0.55694139
8028,0.76543212,0.81481481,0.76543212
8029,0.46988726,0.50228345,0.4748109
8030,0.43384784,0.51378173,0.43384784
8031,1.2352573,1.4190716,1.270389
8032,1.6384208,1.867116,1.675975
8033,0.95833331,1.125,0.95833331
8034,1.0456274,1.2775666,1.0456274
8035,0.36631235,0.38348323,0.36631235
8036,0.76561403,1.0315789,0.7880702
8037,0.94560361,1.0016748,0.95469296
8038,0.82287824,0.97047973,0.82287824
8039,1.0841584,1.2277228,1.0841584
8040,0.64411491,0.83086193,0.7034291
8041,0.34328359,0.46600333,0.34494194
8042,0.39759037,0.46184739,0.39759037
8043,1.2403101,1.4186046,1.2635659
8044,1.7851852,1.9333333,1.7925926
8045,1.7868339,1.9984326,1.830721
8046,0.52499998,0.64030612,0.54081631
8047,0.80639732,1.0218855,0.80976433
8048,1.0202178,1.1384137,1.0248834
8049,0.61842108,1.0230263,0.625
8050,0.17171314,0.23784861,0.18446214
8051,0.50561798,0.62717056,0.52604699
8052,1.5958703,1.6794493,1.5978367
8053,1.7483444,2.0463576,1.7483444
8054,1.048,1.176,1.048
8055,0.33988765,0.42415729,0.36797753
8056,0.87850469,1.2336448,0.93457943
8057,0.80281693,1.6901408,0.97183096
8058,0.18518518,0.18518518,0.18518518
8059,2.0465117,2.3372092,2.0465117
8060,1.6783919,1.9246231,1.7085427
8061,0.47169811,0.75,0.50943398
8062,0.91539365,1.0575793,0.95299649
8063,0.52741516,0.59268928,0.54438645
8064,0.91608393,0.97202796,0.91608393
8065,0.28278521,0.31952903,0.2860333
8066,0.3513169,0.42523363,0.36491078
8067,1.4213483,1.7022471,1.4438202
9002,0.034388833,0.13278855,0.083758935
9003,0.43583649,0.59268063,0.498891
9004,0.55707198,0.94789082,0.80479735
9005,0.25334468,0.3758581,0.3149271
9006,0.02002921,0.1975798,0.13728353
9007,0.19570401,0.36070645,0.28678417
9008,0.081938103,0.18670726,0.14992389
9009,0.42160419,0.6553809,0.5421201
9010,0.46297246,0.6438899,0.53519267
9011,0.069835111,0.18807866,0.14222732
9012,0.87454486,1.0321355,0.94839323
9013,0.33447582,0.52006048,0.4205645
9014,0.024255788,0.05071665,0.030871004
9015,0.016122984,0.063929506,0.042182226
9016,0.16813451,0.2786229,0.22818254
9017,0.073322222,0.14179669,0.11377064
10001,0.63349056,0.72735852,0.64952832
10002,0.1815889,0.2446406,0.19293821
10003,0.20408164,0.26913264,0.21811225
10004,0.36942148,0.43966943,0.37644628
10005,0.79711717,0.99434286,0.85942346
10006,0.14619081,0.216884,0.14756349
10007,0.45613909,0.54102415,0.47286877
10008,0.46955547,0.53978336,0.48150915
10009,0.42787683,0.4611021,0.43517017
10010,1.1390134,1.219731,1.1479821
10011,2.0710382,2.2459016,2.0983605
10012,0.57490176,0.71709234,0.60289782
10013,0.48376352,0.54121566,0.49042463
10014,0.50615299,0.59125334,0.51609236
10015,0.45987377,0.54643822,0.46889091
10016,0.458125,0.51125002,0.47
10017,0.57936507,0.65238094,0.58730161
10018,1.4481708,1.5365853,1.4603659
10019,0.071010858,0.092731826,0.081035919
10020,0.54301077,0.63978493,0.56048387
10021,0.81303114,1.0141643,0.82861191
10022,0.40179071,0.44599888,0.41522104
10023,0.19939241,0.2438481,0.21063291
10024,1.2337434,1.456942,1.28471
10025,0.36666667,0.43157893,0.37894738
10026,0.072844133,0.09105517,0.076057844
10027,0.21839081,0.272578,0.22003284
10028,0.66936302,0.81900913,0.69868553
10029,0.59708738,0.75242716,0.60194176
10030,0.28070176,0.34502923,0.28654972
10031,1.364532,1.4802955,1.3694581
10032,0.10560384,0.16682079,0.13371556
10033,0.71731448,0.86925793,0.74028271
10034,0.18915823,0.21645352,0.19335751
10035,0.17412935,0.23631841,0.19029851
10036,0.81355929,0.9171375,0.83239174
10037,0.21151936,0.23535253,0.22740814
10038,0.32025117,0.42464679,0.3532182
10039,0.29160839,0.32237762,0.30000001
11001,0.19172633,0.30986476,0.20912887
11002,0.48569593,0.77611703,0.55159116
11003,0.33627841,0.43798739,0.34548697
11004,0.46044889,0.54151231,0.46872959
11005,0.29753265,0.44396064,0.34317046
11006,0.34813926,0.47659063,0.34813926
11007,0.61759722,0.74013305,0.64293092
11008,0.30918685,0.37443033,0.31326458
11009,0.3655141,0.52733082,0.39255962
11010,0.32993889,0.43584523,0.35539714
11011,0.50519788,0.76746309,0.57395583
11012,0.43442991,0.52320868,0.45245606
11013,0.58461541,0.87599069,0.59720278
11014,0.58188504,0.70872325,0.59163326
11015,0.4526464,0.8016665,0.56824315
11016,0.31627908,0.41240311,0.3379845
11017,0.33102781,0.41336194,0.35084116
11018,0.30888429,0.39979339,0.32386363
11019,0.2314463,0.28665733,0.24364872
11020,0.7299062,0.90861142,0.81303048
11021,0.42321709,0.57522124,0.45288911
11022,0.26547176,0.33344606,0.26885357
11023,0.31344509,0.40227586,0.32600337
11024,0.20844686,0.47138965,0.25068119
11025,0.41395459,0.45235309,0.42004216
11026,0.41937211,0.63128793,0.4555833
11027,0.26035267,0.41171306,0.30942312
11028,0.57006919,0.8513841,0.63217992
11029,0.32380688,0.38263041,0.33046615
11030,0.40402085,0.46680471,0.40776116
11031,0.46779779,0.77614266,0.50796402
11032,0.17825405,0.21955045,0.18243596
11033,0.48657104,0.60254848,0.49671906
11034,0.16287878,0.1780303,0.16856061
11035,0.2741904,0.47968596,0.33267909
11036,0.23756906,0.32872927,0.2845304
11037,0.56264657,0.6499815,0.57764471
11038,0.53743762,0.58236271,0.54409319
11039,0.44477868,0.54146969,0.45853031
11040,0.4542914,0.65269458,0.46427146
11041,0.25787106,0.35472265,0.27766117
11042,0.34804681,0.51884359,0.36439511
11043,0.14613393,0.21309656,0.15575287
11044,0.34517202,0.41583425,0.35183129
11045,0.31999999,0.4271698,0.33132076
11046,0.66215932,0.83181912,0.68497783
12001,0.65185416,0.70292652,0.66504276
12002,0.28696826,0.31577763,0.29011929
12003,0.3034251,0.33508441,0.3070673
12004,0.10610195,0.11898264,0.10741185
12005,0.43433109,0.54673183,0.44899207
12006,0.33613184,0.36722636,0.34079602
12007,0.50672418,0.59248924,0.53057599
12008,0.48932847,0.52524728,0.49505466
12009,0.5682773,0.625,0.57773107
12010,0.18451577,0.19827354,0.1859545
12011,0.24073061,0.27835545,0.25051308
12012,0.39196619,0.41773346,0.39606926
12013,0.3144393,0.35353041,0.32347912
12014,0.33824033,0.39643958,0.35124958
12015,0.3309091,0.37558442,0.33922079
12016,0.17461351,0.19967453,0.17917006
12017,0.40661764,0.43235293,0.40919119
12018,0.28202868,0.3164278,0.28886437
12019,0.44647774,0.47870445,0.44890687
12020,0.32483476,0.34938622,0.32618374
12021,0.37296841,0.41851017,0.38284424
12022,0.29947269,0.3636454,0.315292
12023,0.25509635,0.30154839,0.26088893
12024,0.33856088,0.38053507,0.34501845
12025,0.2699984,0.28245249,0.27143541
12026,0.32005087,0.34760493,0.3217465
12027,0.43998972,0.51195067,0.45540991
12028,0.32367459,0.36340645,0.32800123
12029,0.60958612,0.69347447,0.62960541
12030,0.32458347,0.36293617,0.3374725
12031,0.30036408,0.33677185,0.30461165
12032,0.34287715,0.37159619,0.34725505
12033,0.52339065,0.6029588,0.53138745
12034,0.43447998,0.48882344,0.44103867
12035,0.91137636,1.0727527,0.94349927
12036,0.24450128,0.27365729,0.24936062
12037,0.42857143,0.51762521,0.44526902
12038,0.69365484,0.8007614,0.72554994
12039,0.29593477,0.33250958,0.30557272
12040,0.26150483,0.28497469,0.26472619
12041,0.21345685,0.23071672,0.21569966
12042,0.40181369,0.45441055,0.41154164
12043,0.42915088,0.46498108,0.43131423
12044,0.36398965,0.41450778,0.3740285
12045,0.48096794,0.54323089,0.48960105
12046,0.2375156,0.2672998,0.24349028
12047,0.32583547,0.37532133,0.32840616
12048,0.30263159,0.34452632,0.30989474
12049,0.60727274,0.74181819,0.68311691
12050,0.66022849,0.8005985,0.69749731
12051,0.29211289,0.31418234,0.29413894
12052,0.21350291,0.22732757,0.21536297
12053,0.30380687,0.33399919,0.31122652
12054,0.26729739,0.29329127,0.27073777
12055,0.46633479,0.52843195,0.4779501
12056,0.22467169,0.24754888,0.22996019
12057,0.33039352,0.37456459,0.33810124
12058,0.38913217,0.42997587,0.39681831
12059,0.44225764,0.48877683,0.44762525
12060,0.39396432,0.45240054,0.40301782
12061,0.15783702,0.19234014,0.16416399
12062,0.25430328,0.27356556,0.2555328
12063,0.33707514,0.36139694,0.34050515
12064,0.30419427,0.36865342,0.30419427
12065,0.18127115,0.21624671,0.18879278
12066,0.30220991,0.33029205,0.30621096
12067,0.31123701,0.3644948,0.32067987
12068,0.51317,0.56916559,0.52753729
12069,0.33554965,0.35859931,0.33621454
12070,0.38808289,0.49067357,0.39844561
12071,0.2856679,0.30891615,0.28722644
12072,0.35482013,0.37266186,0.35798562
12073,0.2129771,0.24064885,0.21736641
12074,0.28993398,0.31782177,0.30066007
12075,0.33199087,0.38957223,0.34450856
12076,0.37790504,0.39801559,0.37857094
12077,0.48013762,0.55239284,0.49171099
12078,0.37075654,0.40021825,0.37196895
12079,0.27370632,0.29012346,0.27659574
12080,0.29003021,0.336858,0.30161127
12081,0.1598023,0.17180513,0.16144976
13001,0.29340661,0.36117217,0.29853481
13002,0.44143087,0.64022869,0.4514001
13003,0.6218012,0.81003934,0.6887303
13004,0.66977614,0.76399255,0.68936568
13005,0.55220419,0.6403712,0.5986079
13006,0.32517648,0.40000001,0.34494117
13007,0.74010152,0.8680203,0.76751268
13008,0.28472021,0.39982605,0.32299218
13009,0.33696073,0.42363,0.36960745
13010,0.21139166,0.34174985,0.29066354
13011,0.25672644,0.32847533,0.27017936
13012,0.48994297,0.55779046,0.51095766
13013,0.49262995,0.68657875,0.60124129
13014,0.25393644,0.37417692,0.27139995
13015,0.46625221,0.65186501,0.5053286
13016,0.3197135,0.38254926,0.33501548
13017,0.17710997,0.24040921,0.1898977
13018,0.34754425,0.45225629,0.37197706
13019,0.22704881,0.35467979,0.24854456
13020,0.37546468,0.49070632,0.40892193
13021,1.1133858,1.431496,1.2362205
13022,0.57430732,0.75314862,0.62342572
13023,0.34608296,0.47419354,0.37465438
13024,0.77201706,0.92897725,0.81747156
13025,0.15209581,0.23763901,0.15876818
13026,0.38868833,0.51103091,0.39630967
13027,0.27406347,0.35327783,0.28342873
13028,0.51625282,0.6037578,0.52873462
13029,0.19403824,0.24746907,0.22328459
13030,0.30910692,0.48746151,0.32353717
13031,0.63733554,0.91858554,0.72368419
13032,0.4176749,0.50131512,0.43766439
13033,0.10309278,0.13659793,0.11340206
13034,0.21949829,0.29247433,0.2240593
13035,0.55353391,0.72988105,0.59692091
13036,0.46793762,0.54592723,0.49220103
13037,0.5374648,0.62985915,0.56
13038,0.89695209,1.2017417,1.0507983
13039,0.63100964,0.77403843,0.68028843
13040,0.20623632,0.28665209,0.23741794
13041,0.4778626,0.55877864,0.50473285
13042,0.4446215,0.49641433,0.45657369
13043,0.14530551,0.27496275,0.16989568
13044,0.19339623,0.30398324,0.21278825
13045,0.40830451,0.46943483,0.43367934
13046,0.24764121,0.39162466,0.25668862
13047,0.3504155,0.54847646,0.40720221
13048,0.94806081,1.1992515,1.0276706
13049,0.24592994,0.40478539,0.29205722
13050,0.43941247,0.57527542,0.47001225
13051,0.84710878,1.1705325,0.9888925
13052,0.335177,0.42957228,0.37647492
13053,0.47613713,0.60407799,0.48980507
13054,0.37873071,0.51903945,0.39005145
13055,0.20757738,0.31216648,0.22732124
13056,0.83173805,1.0035264,0.86196476
13057,0.3838163,0.49425915,0.40623292
13058,0.35971999,0.46903607,0.3801831
13059,0.41109446,0.50794601,0.43718141
13060,0.68881249,0.84956092,0.71095836
13061,0.60577321,0.82721651,0.68659794
13062,0.12225565,0.20026746,0.13016829
13063,0.28708246,0.37117496,0.3102079
13064,0.18288222,0.24652524,0.19751281
13065,0.67491752,0.85973597,0.77227724
13066,0.57631952,0.73466474,0.64621967
13067,0.42104217,0.53142405,0.47056484
13068,0.20890033,0.24531078,0.21257815
13069,0.56330818,0.82920259,0.7421875
13070,0.39866504,0.47936893,0.43992719
13071,0.35825107,0.45839211,0.38434416
13072,0.48727983,0.71037179,0.57925636
13073,0.32861701,0.4198918,0.33846581
13074,0.40491804,0.49125683,0.44590163
13075,0.49289772,0.65056819,0.59801137
13076,0.29909629,0.43760863,0.34028503
13077,0.38048404,0.52450186,0.40930471
13078,0.26275992,0.30286255,0.26492032
13079,0.30530304,0.35909089,0.31439394
13080,0.43690658,0.49601838,0.44287902
13081,0.22065902,0.46168086,0.32247317
13082,1.2023939,1.4439608,1.2959739
13083,0.43505535,0.56937271,0.49409595
13084,0.48938611,0.60470456,0.52983361
14001,0.23011844,0.24252678,0.23406656
14002,0.78500003,0.81999999,0.79250002
14003,0.60777956,0.67747164,0.61426258
14004,0.58644068,0.69491524,0.60000002
14005,0.41666666,0.66904759,0.54285717
14006,0.41379312,0.46064469,0.42278862
14007,0.66477275,0.85511363,0.74147725
14008,0.20200594,0.29255545,0.22630315
14009,0.68740743,0.75999999,0.69777775
14010,0.44296876,0.49453124,0.45156249
14011,0.20731707,0.2292683,0.20731707
14012,0.35531136,0.47252747,0.35531136
14013,0.22352941,0.29030207,0.23338632
14014,0.24680851,0.32340425,0.27872342
14015,0.67970568,0.84237027,0.7211464
14016,0.24956445,0.30727351,0.25479093
14017,0.10637149,0.11663067,0.10637149
14018,0.15783274,0.19169611,0.16048293
14019,0.30239233,0.3923445,0.31578946
14020,0.55345911,0.71967655,0.55615455
14021,0.64177853,0.72483224,0.65687919
14022,0.36957356,0.43180946,0.37725702
14023,1,1.1983181,1.0294324
14024,1.3795455,1.5556818,1.3977273
14025,0.63914371,0.74464834,0.64831805
14026,0.86062717,0.9372822,0.86062717
14027,0.16536167,0.22762863,0.16834451
14028,0.60509557,0.64968151,0.60509557
14029,0.11490978,0.1348528,0.11490978
14030,0.75280899,1.0119851,0.84269661
14031,0.13543788,0.17413442,0.13543788
14032,0.14487079,0.18480815,0.14487079
14033,0.2851474,0.31632653,0.28628117
14034,1.3076923,1.6923077,1.3589743
14035,0.17192148,0.20464009,0.17211977
14036,0.61181432,0.72995782,0.61181432
14037,0.10891089,0.1620162,0.12871288
14038,0.44086021,0.59677422,0.44623655
14039,0.82247615,0.93188947,0.84761256
14040,0.26072875,0.30769232,0.26639676
14041,0.89108908,0.96699673,0.90759075
14042,0.47225806,0.69290322,0.50709677
14043,0.95094341,1.2483019,0.9871698
14044,0.65778315,0.7189582,0.67898244
14045,0.19366755,0.20633246,0.19366755
14046,0.04512234,0.062281538,0.04512234
14047,0.25919282,0.3883408,0.28878924
14048,0.2208498,0.24851778,0.22134387
14049,0.14818181,0.20954545,0.14909092
14050,1.1422803,1.1952494,1.1467934
14051,0.54529619,0.67073172,0.5662021
14052,1.9085715,2.24,1.9085715
14053,0.16648057,0.2627289,0.17664136
14054,1.2191781,1.4246576,1.2191781
14055,0.2981419,0.42652026,0.3285473
14056,0.073324904,0.079646021,0.073324904
14057,0.3275862,0.4224138,0.3275862
14058,0.5684039,0.71172637,0.57328993
14059,0.65803814,0.7425068,0.65803814
14060,0.73665482,0.797153,0.73665482
14061,1.3806118,1.6729157,1.402812
14062,0.21405751,0.25878593,0.21405751
14063,1.5896391,1.7302096,1.612922
14064,0.2355863,0.2866773,0.23824729
14065,1.1605166,1.3173431,1.1752768
14066,0.25734967,0.32438752,0.26269487
14067,0.13021092,0.32768643,0.25062281
14068,0.33182845,0.39954853,0.34029347
14069,0.13317756,0.15498443,0.13317756
14070,0.38304514,0.57925069,0.48270893
14071,0.47368422,0.69298244,0.47660819
14072,0.91961414,0.95819938,0.91961414
14073,0.084875397,0.1041204,0.085122131
14074,0.5151515,0.59649122,0.5151515
14075,0.3392857,0.40625,0.3392857
14076,0.66363639,0.73636365,0.68181819
14077,0.84889823,0.95278066,0.84994751
14078,0.081857219,0.08883521,0.081857219
14079,0.21372329,0.38807648,0.23284589
14080,0.63250881,0.80918729,0.63604242
14081,0.69780219,0.80219781,0.70329672
14082,0.38621795,0.47916666,0.39182693
14083,0.66155368,0.75507176,0.67936665
14084,0.24836245,0.2701965,0.25109169
14085,0.55393052,0.62949419,0.55819625
14086,0.23976293,0.27478448,0.24784483
14087,0.17080885,0.21373701,0.18843199
14088,0.703107,0.76179516,0.703107
14089,0.14201184,0.17159763,0.147929
14090,1.2946428,1.5386904,1.2946428
14091,0.090147182,0.11508586,0.090147182
14092,0.40692639,0.44733045,0.42135641
14093,0.2103015,0.26055276,0.2103015
14094,0.42697001,0.51005608,0.43818003
14095,0.41483516,0.52197802,0.43131867
14096,0.23266079,0.27049181,0.23959647
14097,1.2268294,1.339197,1.2659009
14098,0.87256259,1.0044687,0.91789895
14099,0.65384614,0.80384618,0.67179489
14100,0.32171404,0.39675844,0.32282415
14101,0.8982659,1.0167148,0.93025047
14102,0.83703703,1.0962963,0.86666667
14103,0.6340782,0.72346371,0.63966483
14104,0.30769232,0.63384616,0.38153845
14105,0.48363096,0.54315478,0.48363096
14106,1.2489626,1.4481328,1.2572614
14107,0.7588076,0.79132789,0.7588076
14108,0.17196785,0.24536875,0.18210416
14109,0.26973388,0.31303564,0.26973388
14110,1.0450281,1.6829268,1.1181989
14111,0.48444444,0.9066667,0.48444444
14112,0.35357916,0.42950109,0.35357916
14113,0.67447919,0.78515625,0.69010419
14114,0.74888557,1.0118871,0.74888557
14115,0.50157231,0.6163522,0.51572329
14116,0.20331325,0.31024095,0.20331325
14117,0.35795453,0.40340909,0.35795453
14118,0.11458334,0.13237847,0.11458334
14119,0.22610722,0.31779331,0.22843823
14120,1.0167857,1.2493651,1.0930159
14121,0.30567685,0.50509459,0.35080057
14122,0.13460356,0.19729564,0.14320835
14123,0.39375475,0.47524753,0.39375475
14124,0.24640729,0.32299334,0.26218015
14125,0.0017286085,0.0017286085,0.0017286085
15001,0.48641685,0.61304569,0.50725174
15002,0.11386727,0.31257421,0.24238026
15003,0.23260275,0.31178081,0.24082191
15004,0.27238455,0.35061264,0.2931197
15005,0.46361503,0.56285864,0.47157016
15006,0.36494252,0.40804598,0.38218391
15007,0.11510997,0.21165381,0.13253357
15008,0.21958812,0.35249043,0.25143677
15009,0.37827966,0.48389238,0.39222848
15010,0.40248796,0.47552168,0.43780097
15011,0.17115903,0.31170583,0.2148633
15012,0.054937415,0.068150207,0.059109874
15013,0.41983098,0.48285919,0.4437567
15014,0.16884144,0.3514235,0.20601028
15015,0.48494813,0.54895014,0.51302809
15016,0.35587046,0.51417005,0.39919028
15017,0.22238372,0.32267442,0.26744187
15018,0.18602008,0.22561091,0.2083728
15019,0.19913834,0.25753948,0.22498803
15020,0.079878487,0.28180844,0.22694781
15021,0.16744375,0.22886682,0.18305291
15022,0.30050933,0.3548387,0.31918505
15023,0.10391363,0.11650922,0.1120108
15024,0.10883774,0.15714692,0.13327649
15025,0.5941813,0.76037329,0.67256713
15026,0.27211213,0.33736104,0.28830352
15027,0.17565218,0.57739133,0.33739132
15028,0.14235501,0.23315759,0.17047451
15029,0.26247376,0.35354432,0.31519458
15030,0.15838733,0.30597553,0.20950323
15031,0.25749171,0.3350026,0.28941384
15032,0.13298282,0.19376764,0.14401129
15033,0.13098222,0.1784189,0.15905127
15034,0.076813653,0.084637269,0.079658605
15035,0.24769768,0.40870118,0.33756748
15036,0.23267688,0.37053245,0.28956965
15037,0.19895785,0.32136428,0.26612979
15038,0.41854936,0.51961952,0.43519619
15039,0.70008153,0.78061074,0.72832048
15040,0.19799069,0.2509189,0.20852733
15041,0.66666669,0.93383741,0.71770638
15042,0.2216422,0.27199566,0.22552112
15043,0.15196358,0.17558338,0.16163915
15044,0.28345209,0.33016628,0.30799684
15045,0.24776605,0.31811535,0.26263201
15046,0.42589819,0.5254491,0.44910181
15047,0.29627278,0.37803331,0.31387788
15048,0.14709517,0.35599506,0.2191418
15049,0.082324453,0.12106538,0.088781275
15050,0.85008663,0.93327558,0.87868285
15051,0.09750697,0.25274727,0.15031983
15052,0.062712587,0.092687078,0.075255103
15053,0.1421092,0.18224882,0.16055846
15054,0.22406691,0.48346025,0.31768817
15055,0.93693691,1.0855856,0.97747749
15056,0.1446778,0.29815114,0.17555197
15057,0.34710947,0.44142067,0.39760149
15058,0.26451761,0.32440874,0.29679176
15059,0.16883864,0.19164431,0.17899579
15060,0.44522229,0.51402134,0.48139209
15061,0.77664977,1.4653131,0.96615905
15062,0.48349008,0.58395034,0.50990593
15063,0.078649729,0.16895771,0.096746132
15064,0.24837196,0.35256702,0.27548084
15065,0.15916446,0.23124449,0.18446602
15066,0.13956171,0.22837371,0.14994232
15067,0.19787747,0.41003376,0.26251808
15068,0.16841736,0.20238096,0.18767507
15069,0.30000001,0.45263159,0.3631579
15070,1.0203999,1.1281036,1.0718695
15071,0.11433597,0.15479332,0.12049253
15072,0.13268608,0.24811219,0.18230852
15073,0.11147541,0.22754098,0.16131148
15074,0.17695354,0.20835191,0.17844871
15075,0.3789531,0.50109053,0.40185386
15076,0.16442831,0.23968542,0.19721718
15077,0.1931624,0.34957266,0.23418804
15078,0.18560106,0.24372523,0.21070014
15079,0.294375,0.394375,0.32249999
15080,0.32284367,0.40196204,0.33163461
15081,0.66425991,0.78700364,0.72107166
15082,0.32002339,0.41414791,0.33814675
15083,0.12566137,0.16269842,0.13359788
15084,0.41101548,0.70877796,0.50774527
15085,0.49915347,0.61398602,0.51026869
15086,0.28477064,0.40715596,0.29596332
15087,0.31029111,0.38253418,0.3177987
15088,0.37252125,0.43232611,0.38519043
15089,0.25475842,0.30600291,0.27232796
15090,0.18453349,0.35635072,0.25402927
15091,0.11354215,0.45370796,0.33003223
15092,0.33191717,0.48884758,0.38475835
15093,0.21516755,0.36390358,0.25044093
15094,0.15332581,0.235062,0.20913191
15095,0.16324435,0.18090349,0.17166324
15096,0.2622582,0.32073775,0.28115159
15097,0.17465754,0.26198632,0.1880137
15098,0.19272727,0.26545453,0.22909091
15099,0.54770279,0.63549489,0.57584667
15100,0.32528338,0.52538198,0.39477575
15101,0.19447911,0.37663755,0.26668745
15102,0.20222545,0.25544268,0.21673924
15103,0.20633778,0.23118474,0.22074181
15104,0.45207033,0.5241797,0.48453125
15105,0.21744575,0.33597663,0.24401781
15106,0.42049879,0.50359213,0.44556445
15107,0.51995903,0.64585465,0.55066532
15108,0.060741343,0.24242425,0.16829005
15109,0.51918471,0.58254623,0.55375785
15110,0.34307435,0.42587313,0.35827988
15111,0.22207014,0.32609066,0.22840035
15112,0.21044898,0.33044899,0.26057142
15113,0.13804631,0.41376749,0.22471215
15114,0.37557346,0.45136222,0.37988016
15115,0.49339935,0.56518149,0.51870185
15116,0.46679688,0.63476563,0.5078125
15117,0.13037634,0.20295699,0.14112903
15118,0.32019684,0.37593856,0.33640182
15119,0.3804374,0.47200191,0.39365536
15120,0.39545825,0.52519679,0.4536325
15121,0.58623338,0.70541877,0.64474511
15122,0.3766703,0.44234809,0.40591645
15123,0.72287983,0.87842917,0.75407326
15124,0.28125116,0.32055542,0.28311747
15125,0.3259804,0.40196079,0.35294119
16001,0.24126726,0.29569456,0.25020307
16002,1,1.0747331,1
16003,0.49666223,0.64441478,0.50066757
16004,0.71837711,1.0047733,0.74224341
16005,0.28252301,0.42509857,0.31208935
16006,0.69199431,0.72742778,0.69568926
16007,0.19948186,0.20466322,0.20207255
16008,0.40369734,0.42519346,0.40864146
16009,0.37379068,0.43418354,0.3755497
16010,0.4983899,0.53108746,0.50631654
16011,1.0508941,1.0990372,1.0660248
16012,0.8597396,0.88897079,0.86489809
16013,1.2196929,1.4150344,1.2493383
16014,0.52315789,0.60473686,0.53210527
16015,1.0282258,1.0560484,1.0306451
16016,0.47668812,0.52974278,0.48070741
16017,0.17783718,0.25596216,0.18277138
16018,0.70988804,0.95242536,0.72294778
16019,0.70627308,0.73653138,0.70848709
16020,0.79103398,1.0480839,0.82176429
16021,0.67547387,0.74842048,0.68179208
16022,0.57819903,0.80568719,0.58945495
16023,0.62962961,0.66809118,0.63532764
16024,1.2051282,1.2959226,1.2126944
16025,0.7996434,0.87029195,0.81279254
16026,0.33274022,0.39768684,0.33807829
16027,0.556701,1.0283505,0.65463918
16028,2.375,2.4886363,2.375
16029,0.44848901,0.47149727,0.45192307
16030,0.44287395,1.0742049,0.52179033
16031,0.097920276,0.1135182,0.10051993
16032,0.44519392,0.93704331,0.48341766
16033,0.55475157,0.59816688,0.56005788
16034,0.4472596,0.48677388,0.45113227
16035,0.65942192,0.74971992,0.66928077
16036,1.0441177,1.0855615,1.0508021
16037,0.49882352,0.54588234,0.51058823
16038,0.3337656,0.41222242,0.34511265
16039,0.81481481,1.175926,0.85185188
16040,0.68264061,0.93887532,0.70220047
16041,0.41871583,0.42964482,0.41871583
16042,0.20564042,0.21856639,0.20681551
16043,0.20127982,0.22493698,0.20477022
16044,0.41712403,0.46981341,0.42480791
16045,0.86192214,0.91849148,0.87104625
16046,0.1782364,0.19512194,0.18339588
16047,0.33690605,0.40943193,0.34690961
16048,0.91519433,1.409894,0.95229679
16049,0.37277243,0.43499854,0.38241309
16050,0.48852915,0.53242141,0.4908666
16051,1.2484725,1.3238289,1.2606925
16052,0.99108636,1.0520494,1.0040588
16053,0.59431314,0.70683157,0.61309308
16054,0.37350994,0.41456953,0.38807946
16055,0.5018627,0.55596948,0.50718468
16056,0.50376219,0.65369791,0.52688569
16057,0.19092627,0.22495274,0.20368621
16058,0.74020618,0.76391751,0.74432987
16059,0.528817,0.60768455,0.53690594
16060,0.23893805,0.35103244,0.24778761
16061,0.60210097,0.72354597,0.61311811
16062,0.5,0.54901963,0.50634372
16063,0.47942522,0.5218811,0.48203787
16064,0.67030716,0.72047782,0.67406142
16065,1.0833143,1.3314259,1.1268024
16066,0.42206743,0.64597213,0.44659802
16067,0.62515569,1.022416,0.64321297
16068,0.43169165,0.48608136,0.44796574
16069,0.46108258,0.50632161,0.47076255
16070,0.72534144,0.7481032,0.72534144
16071,0.31031644,0.39242443,0.31878603
16072,0.69289166,0.74741203,0.69565219
16073,0.3334581,0.46257484,0.34917665
16074,0.6681574,0.72182471,0.67978531
16075,0.67528969,0.72500676,0.68108326
16076,0.59036458,0.69505209,0.60234374
16077,0.80338162,0.97391301,0.82946861
16078,0.49845916,0.55855161,0.51309705
16079,0.37672049,0.59218353,0.4180119
16080,0.18847622,0.20236029,0.18917042
16081,0.061236624,0.063020214,0.061831154
16082,0.2975952,0.3945033,0.30546808
16083,0.43852168,0.50675195,0.45984364
16084,0.93175673,0.97128379,0.94155407
16085,0.54328561,0.64587593,0.57055217
16086,0.77087379,0.78932041,0.77184469
16087,0.61929595,0.74837029,0.64537156
16088,0.67408127,0.86049324,0.69197291
16089,1.0401084,1.0834688,1.0536585
16090,0.68137574,0.72744972,0.68786502
16091,1.0338784,1.0747664,1.0420561
16092,0.55183214,0.75133103,0.59254622
16093,0.33484963,0.47763458,0.36846095
16094,0.36235294,0.5482353,0.39764705
16095,0.44618833,0.48206279,0.4473094
16096,0.44674185,0.53947371,0.44862154
16097,0.25458032,0.29314017,0.25969324
16098,0.22628951,0.23508438,0.2279534
16099,0.90167302,1.2506604,0.96712649
16100,0.27947095,0.48706153,0.28234619
16101,0.16650486,0.25436893,0.19223301
16102,0.53901744,0.62095088,0.56541997
16103,0.58959538,0.65722543,0.59306359
16104,0.43059701,0.44776121,0.43059701
16105,0.644822,0.71197408,0.65210354
16106,0.86363637,0.93073595,0.87283552
16107,0.48669279,0.52547967,0.49061275
16108,0.54111844,0.58702803,0.5541333
16109,0.44715446,0.50406504,0.46341464
16110,0.36405429,0.4014886,0.37127846
16111,0.41913152,0.56261802,0.44052863
16112,0.46709186,0.50744987,0.4708972
16113,0.36584133,0.44567963,0.37038907
17001,0.52346277,0.74676377,0.60032362
17002,0.11788618,0.17750677,0.14701897
17003,0.1509434,0.20357497,0.15888779
17004,0.32802075,0.92364717,0.51371384
17005,0.23999999,0.382,0.31
17006,0.58167118,0.80741239,0.67938006
17007,1.1592799,1.6172564,1.3130975
17008,0.82623267,1.0043082,0.89612257
17009,0.58543688,0.72524273,0.62233007
17010,0.17575084,0.33147943,0.27474973
17011,0.46807235,0.71091408,0.58332336
17012,0.48012978,0.75709653,0.65166259
17013,0.38709676,0.55865103,0.41788855
17014,0.25999999,0.38,0.308
17015,0.13266487,0.18665639,0.1573467
17016,0.33386582,0.38924387,0.35037273
17017,0.37166479,0.6307779,0.44306651
17018,0.78414863,1.0609667,0.88575989
17019,0.3218599,0.4468599,0.33756039
17020,0.12451245,0.17851785,0.14011401
17021,0.12394958,0.21638656,0.16386555
17022,0.23123957,0.32184547,0.26570317
17023,0.43344709,0.66040957,0.45904437
17024,0.41023767,0.54332721,0.44936013
17025,0.48617816,0.6831944,0.50636244
17026,0.19193548,0.2483871,0.20725806
17027,0.086730272,0.13703382,0.11014744
17028,0.41220239,0.59851193,0.48750001
17029,0.52489096,0.87118459,0.67278343
17030,0.32961047,0.40152547,0.35113049
17031,0.49662784,0.69221336,0.60269773
17032,0.51138353,0.73730296,0.67425567
17033,0.22305229,0.34151548,0.25186765
18001,0.57521856,0.98763943,0.75700933
18002,1.0342679,2.0249221,1.4517134
18003,1.0705521,1.9601227,1.3773006
18004,0.64975661,0.96541125,0.7842685
18005,0.24158192,0.36836159,0.27163842
18006,0.70291775,0.97877985,0.84526968
18007,0.68810737,1.1129107,0.80795926
18008,0.66058213,1.0251603,0.7809571
18009,0.3485775,0.40534434,0.35276523
18010,0.23137492,0.39733496,0.27710479
18011,0.31313646,0.51807535,0.37856415
18012,0.60109079,0.89598751,0.75613558
18013,0.19421488,1.161157,0.23553719
18014,0.3847298,0.71591473,0.46306396
18015,0.28457922,0.57272577,0.40230259
18016,0.36213174,0.53856337,0.44985104
18017,0.60888159,1.1860611,0.86715311
18018,0.30428016,0.64980543,0.44513619
18019,0.32387429,0.50891185,0.32598498
18020,1.0140395,1.3522655,1.2074027
19001,0.81578946,0.81578946,0.81578946
19002,1.1730769,1.2884616,1.1730769
19003,1.2352941,1.5882353,1.2352941
19004,2.5821428,2.7249999,2.5875001
19005,2.4220183,2.5524974,2.4301734
19006,0.52253783,0.68872255,0.54022795
19007,0.060587134,0.074328542,0.060587134
19008,2.324074,2.3888888,2.324074
19009,1.0601737,1.1296526,1.0626551
19010,0.9337979,1.0522648,0.9372822
19011,0.74264705,0.77205884,0.74264705
19012,1.6086956,1.861413,1.6820652
19013,0.32196969,0.43939394,0.32196969
19014,0.050014127,0.078270696,0.052839786
19015,1.3333334,1.6060606,1.3333334
19016,0.87692308,1.0307692,0.87692308
19017,0.12780549,0.18952619,0.12780549
19018,0.84672713,0.89322746,0.84964353
19019,0.1038961,0.25,0.10714286
19020,1.4423077,1.5096154,1.4423077
19021,0.95555246,1.0550369,0.96321583
19022,2.4642856,2.5412087,2.4697802
19023,1.1428572,1.6190476,1.1428572
19024,0.0084985839,0.011331445,0.0084985839
19025,0.98943663,1.0792253,1.0052817
19026,1.0347786,1.211889,1.0543895
19027,0.77777779,0.93333334,0.77777779
19028,1.3333334,1.4722222,1.3333334
19029,3.4528301,3.8679245,3.509434
19030,0.080586083,0.0989011,0.084249087
19031,0.63183844,0.73162717,0.64381307
19032,2.2429378,2.5310733,2.2429378
19033,1.73894,1.8791064,1.7446343
19034,0.125,0.1875,0.15000001
19035,1.3076923,1.6923077,1.3076923
19036,0.034985423,0.040816326,0.034985423
19037,0.84653467,0.88613862,0.85643566
19038,3.5713172,3.7490258,3.572876
19039,0.38106987,0.49120688,0.39650375
19040,2,2.25,2
19041,4.0157895,4.5052633,4.0473685
19042,0.52147239,0.58282208,0.52147239
19043,1.4285715,1.5510204,1.4285715
19044,1.6510067,1.9278524,1.6577181
19045,0.51878709,0.62755436,0.52603823
19046,0.22622779,0.5585162,0.25548589
19047,0.14933333,0.15466666,0.14933333
19048,0.1581489,0.25734407,0.1665996
19049,1.9015872,2.3047619,1.9095238
19050,0.53623188,0.68115944,0.53623188
19051,1.887324,2.0281689,1.887324
20001,0.16766468,0.17964073,0.16766468
20002,0.21669729,0.36093247,0.23116675
20003,0.3976143,0.45924452,0.3976143
20004,0.91025639,1.0897436,0.91025639
20005,0.3358396,0.44486216,0.3433584
20006,0.39788535,0.524207,0.47746244
20007,0.30000001,0.35714287,0.30408162
20009,0.19162436,0.48223349,0.19416244
20010,0.18832117,0.28321168,0.19416058
20011,0.8119266,1.266055,0.9678899
20012,0.41954023,0.47327587,0.43189654
20013,2.2972972,3.108108,2.5135136
20014,0.23947203,0.29792583,0.24638592
20015,0.53241652,0.65291423,0.5356909
20016,0.77232927,0.8382954,0.77437246
20017,0.084226646,0.17764166,0.08882083
20018,0.15079366,0.17460318,0.15079366
20019,0.35560858,0.4391408,0.35560858
20020,0.37806451,0.56645161,0.38580644
20021,0.89375001,1.1173611,0.90208334
20022,0.42528737,0.52873564,0.42528737
20023,0.13721414,0.19282745,0.16008316
20024,0.35723773,0.42098275,0.36918992
20025,0.29216269,0.32341269,0.29811507
20026,0.2356419,0.30236486,0.2483108
20027,0.86144578,0.97791165,0.87349397
20028,0.43631437,0.51716352,0.46341464
20029,0.76151204,0.89553267,0.76701033
20030,0.26415095,0.44204852,0.2857143
20031,0.15482606,0.20480157,0.15629594
20032,0.41758242,0.44505495,0.41758242
20033,0.13793103,0.24137931,0.22988506
20034,0.3110368,0.33444816,0.31438127
20035,1,1.3333334,1
20036,0.50553507,0.52306271,0.50553507
20037,0.17289314,0.21112077,0.17289314
20038,0.53363228,0.6591928,0.53363228
20039,0.38704953,0.49926752,0.40345737
20040,0.59178573,0.65428573,0.59428573
20041,0.32450941,0.38522324,0.33623073
20042,0.12537764,0.16540785,0.12764351
20043,0.38756156,0.63797194,0.4213022
20044,0.89766264,1.0240051,0.92545801
20045,0.27037036,0.44814816,0.40000001
20046,0.18577649,0.25108853,0.20319304
20047,0,0.75,0
20048,0.63999999,0.67578948,0.64210528
20049,0.02739726,0.038356163,0.032876711
20050,0.33621621,0.36972973,0.33621621
20051,0.64537817,0.76806724,0.64621848
20052,1.3796034,1.509915,1.3937677
20053,1.1304348,1.2608696,1.1304348
20054,0.25373134,0.28358209,0.25373134
20055,0.17097171,0.31857318,0.20787208
20056,0.37200001,0.98799998,0.41600001
20057,0.27145767,0.33488506,0.28018621
20058,0.33395523,0.37189054,0.33986318
20059,0.18820904,0.31839317,0.20234331
20060,0.38022813,0.40304184,0.38022813
20061,0.12125535,0.22681883,0.12268189
20062,1.5,1.7272727,1.5
20063,0.53333336,0.64999998,0.55000001
20064,0.18193069,0.24752475,0.1875
20065,0.1497006,0.19161677,0.1497006
20066,0.39609236,0.56660748,0.42095914
20067,0.47577488,0.661093,0.52952689
20068,0.27061749,0.35806051,0.30708662
20069,0.11929824,0.16666667,0.11929824
20070,0.1970046,0.3404378,0.19815668
20071,0.33043477,0.37246376,0.33623189
20072,0.15432394,0.21930243,0.15575729
20073,0.23334008,0.3988252,0.25156978
20074,0.1923077,0.26923078,0.1923077
20075,0.4893617,0.55319148,0.4893617
20076,0.23960881,0.61124694,0.33496332
20077,0.1388889,0.19444445,0.1712963
20078,0.38235295,0.70588237,0.47058824
20079,0.23844537,0.41053921,0.26137954
20080,0.04109589,0.047945205,0.04109589
20081,0.11764706,0.14565827,0.11764706
20082,0.12192724,0.18682399,0.12586038
20083,0.23420075,0.3141264,0.2472119
20084,0.25925925,0.4148148,0.25925925
20085,0.90065813,0.95753682,0.92463177
20086,0.072916664,0.125,0.072916664
20087,0.11048159,0.22946176,0.11614731
20088,0.12537764,0.17673716,0.13141994
20089,0.26394051,0.30483273,0.26394051
20090,0.066088118,0.088785045,0.066755675
20091,0.29803923,0.36470589,0.31764707
20092,0.072463766,0.10869565,0.086956523
20093,0.30769232,0.35897437,0.30769232
20094,0.035881434,0.085803434,0.035881434
20095,0.15487571,0.16953474,0.15742511
20096,0.025641026,0.15384616,0.15384616
20097,0.45959595,0.46464646,0.45959595
20098,1.1076388,1.2164352,1.1284722
20099,0.19178082,0.49315068,0.19178082
20100,0.77999997,0.89999998,0.77999997
20101,0.028169014,0.11971831,0.056338027
20102,0.33783785,0.4358108,0.375
20103,0.10505319,0.17154256,0.12101064
20104,0.068791948,0.13926175,0.068791948
20105,0.18798549,0.28793371,0.18902123
20107,0.31812257,0.45958278,0.36049545
20108,0.146145,0.21979287,0.16110472
20109,0.40217391,0.42391303,0.40217391
20110,0.68581688,0.79533213,0.69299823
20111,0.54911661,0.71802121,0.55123675
20112,0.12244898,0.18877551,0.12244898
20113,0.297479,0.56134456,0.297479
20114,0.2923077,0.44615385,0.2923077
20115,0.37090909,0.63272727,0.42545456
20116,0.59109133,0.67928731,0.59732741
20117,0.089783281,0.12383901,0.089783281
20118,0.11659193,0.21973094,0.13004485
20119,0.047619049,0.22222222,0.14285715
20120,1.1,1.1,1.1
20121,0.12195122,0.18292683,0.12195122
20122,0.40000001,0.46363637,0.40000001
20123,0.39367312,0.5043937,0.40070298
20124,0.34895259,0.41703418,0.35915104
20125,0.37429494,0.40088639,0.37590653
20126,0.27214232,0.28576836,0.27365631
20127,0.31818181,0.39839572,0.32085562
20128,0.72368419,0.89473683,0.72368419
20129,0.89473683,0.89473683,0.89473683
20130,0.087636933,0.10015649,0.092331767
20131,0.090411745,0.12899511,0.1013533
20132,0.16083916,0.20979021,0.17482518
20133,0.47368422,0.5574792,0.48060942
20134,0.50907463,0.57002014,0.51120323
20135,0.37555358,0.43135518,0.37555358
20136,0.24982817,0.27560139,0.25292096
20137,0.16891892,0.22635135,0.16891892
20138,1.5454545,1.6363636,1.5454545
20139,0.26067746,0.28129601,0.26215023
20140,0.18120806,0.24161074,0.20134228
20141,0.23733163,0.28608081,0.24310455
20142,0.4813278,0.56431538,0.51867223
20143,0.20562939,0.23924941,0.21032056
20144,0.203125,0.3984375,0.234375
20145,0.2857143,0.54761904,0.32380953
20146,0.26928106,0.29542485,0.27450982
20148,0.36778846,0.39182693,0.36778846
20149,0.0976431,0.10437711,0.0976431
20150,0.66411042,0.92024541,0.76533741
20151,0.25,0.26249999,0.25
20152,0.39969835,0.64253396,0.39969835
20153,0.10721868,0.12101911,0.10828026
20154,0.20862308,0.27955493,0.20862308
20155,0.5029586,0.53846157,0.51775146
20156,0.56160456,0.69627506,0.58166188
20157,0.31447586,0.38435939,0.3311148
20158,0.469428,0.56015778,0.49901381
20159,0.15896739,0.17866848,0.16100544
20160,0.22680412,0.2371134,0.22680412
20161,0.28125,0.3671875,0.28645834
20162,0.25340137,0.27891156,0.25510204
20163,0.64081633,0.77551019,0.67551023
20164,0.33882031,0.37997258,0.34019205
20165,0.62980771,0.71153843,0.63461536
20166,0.95003521,1.1977481,0.97044337
20167,0.10815939,0.14990513,0.10815939
20168,0.18072289,0.30722892,0.18072289
20169,0.71553612,0.83479214,0.71991247
20170,0.22770563,0.25974026,0.22770563
20171,0.47598925,0.52074528,0.48155975
20172,2.3076923,2.6923077,2.3076923
20173,0.4868421,0.70614034,0.49561402
20174,0.07,0.19499999,0.094999999
20175,0.49695122,0.55792683,0.51219511
20176,0.15369649,0.19066148,0.17120622
20177,0.30451867,0.36935166,0.30713817
20178,0.53036439,0.71255058,0.56275302
20179,0.030821918,0.065068491,0.04109589
20180,0.96845424,1.0599369,0.97160882
20181,0.13207547,0.28301886,0.13207547
20182,1.8972746,2.2264152,1.9014676
20183,0.085034013,0.30612245,0.10544217
20184,0.7343381,0.89565104,0.76032954
20185,0.20942408,0.41884816,0.25596276
20186,0.62352943,0.70588237,0.62352943
20187,0.23420075,0.27973977,0.24349442
20188,0.50109971,0.67485338,0.50733137
20189,0.90602058,0.96182084,0.91336268
20190,0.32049397,0.46133491,0.32108203
20192,0.97222221,1.3888888,1.2222222
20193,0.38053098,0.48230088,0.45132744
20194,0.75862068,0.86206895,0.75862068
20195,0.16783217,0.1923077,0.17132868
20196,3.1428571,3.4285715,3.1428571
20197,0.055263158,0.086842105,0.071052633
20198,0.56118929,0.8274489,0.58083355
20199,0.25581396,0.33139536,0.25581396
20200,0.44504312,0.51724136,0.44504312
20201,0.31974921,0.32601881,0.31974921
20202,0.27050847,0.32338983,0.28135592
20203,0.58779579,0.64757162,0.58779579
20204,0.12,0.21600001,0.12
20205,0.71207929,0.78192717,0.71277088
20206,0.30839002,0.36961451,0.32199547
20207,0.31698409,0.44586486,0.31750587
20208,0.14871795,0.22417583,0.14871795
20209,0.010989011,0.010989011,0.010989011
20210,0.10065851,0.16274694,0.10959549
20211,0.25527638,0.27638191,0.25628141
20212,0.69365227,0.72309107,0.69365227
20213,0.19266056,0.61467892,0.24923548
20214,0.061571125,0.1507431,0.061571125
20215,0.021276595,0.021276595,0.021276595
20216,0.083969466,0.12977099,0.083969466
20217,0.092975207,0.2644628,0.09504132
20218,0.35245901,0.38524589,0.35245901
20219,0.069182388,0.078616351,0.072327048
20220,1.1209016,1.2704918,1.1352459
20221,0.060109291,0.087431692,0.060109291
20222,0.2647059,0.30882353,0.2647059
20223,0.06122449,0.3877551,0.06122449
20224,0.25806451,0.29032257,0.27419356
20225,0.16666667,0.21789321,0.17893218
20226,0.02972973,0.081081077,0.02972973
20227,0.44050103,0.67014617,0.54279751
20228,1.0776699,1.1747572,1.0970874
20229,0.52645707,0.55214721,0.52837425
20230,0.54347825,0.69565219,0.615942
20231,0.6581586,0.70829535,0.65907019
20232,0.32987249,0.37738404,0.3322424
20233,0.059999999,0.13333334,0.059999999
20234,0.85556465,0.9459902,0.86129296
20235,0.44422701,0.56751466,0.44814089
20236,1.1032388,1.180162,1.1133603
20237,0.52401745,0.66812229,0.55895197
20238,0.14285715,0.23529412,0.19327731
20239,0.23703703,0.37777779,0.25925925
20240,0.34102306,0.42226681,0.34403211
20241,0.044871796,0.11538462,0.057692308
20242,0.61022985,0.65393329,0.61087734
20243,0.77685952,1.0330578,0.80165291
20244,0.4512195,0.53536588,0.46097562
20245,0.53023255,0.72093022,0.53953487
20246,0.2736842,0.34736842,0.2736842
20247,0.27380952,0.2857143,0.27380952
20248,0.10400729,0.12094717,0.10400729
20249,0.16796875,0.2734375,0.20572917
20250,0.25,0.28409091,0.25
20251,0.057017542,0.27631578,0.061403509
20252,0.12872842,0.1632653,0.12872842
20253,0.12687813,0.18363939,0.15358931
20254,0.10470086,0.20512821,0.10470086
20255,0.22026432,0.54625553,0.22026432
20256,0.25,0.25,0.25
20257,0.46601942,0.55339807,0.47087377
20258,0.61538464,0.69230771,0.61538464
20259,0.48464164,0.62969285,0.48634812
20260,0.77116704,0.91762012,0.77116704
20261,0.51581413,0.56891841,0.52128077
20262,0.5625,0.703125,0.5625
20263,0.41864717,0.45795247,0.42230347
20264,0.15759312,0.17048711,0.16189112
20265,0.18617021,0.22960994,0.18617021
20266,0.17510122,0.22874494,0.1847166
20268,0.088709675,0.12903225,0.088709675
20269,0.35181236,0.4371002,0.38805971
20270,0.062700965,0.072347268,0.065916397
20271,0.38637993,0.44301075,0.38637993
20272,0.12111469,0.28724545,0.1511254
20273,0.56243211,0.68729639,0.56351793
20274,0.05279503,0.083850935,0.05279503
20275,0.39974293,0.4299486,0.39974293
20276,0.93700784,1.1023622,0.93700784
20277,0.15853998,0.2198384,0.17497911
20278,0.49761608,0.585199,0.50870645
20279,0.024489796,0.029591836,0.024489796
20280,0.5354839,0.68387097,0.56129032
20281,0.10714286,0.14285715,0.10714286
20282,0.93220341,1.0677966,0.93220341
20283,0.80555558,1.0462962,0.81481481
20284,0.1680498,0.19294606,0.16908714
20285,0.29909909,0.40360361,0.29909909
20286,0.19269776,0.25152129,0.20081136
20287,4.5999999,5.8000002,4.5999999
20288,0.12142857,0.17857143,0.12142857
20289,0.080402009,0.14572865,0.080402009
20290,0.2300885,0.460177,0.32300884
20291,0.067527309,0.20556107,0.06852036
20292,0.021739131,0.037549406,0.021739131
20293,0.16216215,0.4831081,0.3277027
20294,0.35277778,0.43888888,0.39722222
20295,0.2371134,0.32577321,0.25773194
20296,0.13768116,0.37681159,0.13768116
20297,0.32338309,0.35986733,0.32338309
20298,0.45209303,0.53395349,0.45302325
20299,0.22807017,0.29239765,0.22807017
20300,0.087980174,0.19392812,0.10904585
20301,0.4375,0.68124998,0.56875002
20302,0.85572141,0.92736316,0.86567163
20303,1.043956,1.0989012,1.043956
20304,0.10704225,0.12112676,0.10704225
20305,0.15757576,0.21818182,0.15757576
20306,0.48145506,0.52068472,0.48716119
20307,0.33840579,0.42391303,0.34710145
20308,0.18489583,0.20833333,0.1875
20309,0.51062024,0.57051826,0.51316905
20310,0.34139404,0.40256044,0.36557609
20311,0.13333334,0.28,0.13333334
20312,0.10700236,0.31274587,0.11290322
20313,0,0.059999999,0
20314,0.20408164,0.29591838,0.26530612
20315,0.17049809,0.22030652,0.17816092
20316,0.16853933,0.34831461,0.16853933
20317,0.1392405,0.2278481,0.1392405
20318,0.56240332,0.6204229,0.56936568
20319,0.051546391,0.06185567,0.051546391
20320,0.1125,0.42500001,0.11875
20321,0.23030303,0.23030303,0.23030303
20322,0.07,0.34999999,0.205
20323,0.088235296,0.11418685,0.091695502
20324,0.46610814,0.60510284,0.49543032
20325,0.31948882,0.33945686,0.32148561
20326,0.38046274,0.39717224,0.38110539
20327,0.28853565,0.32996148,0.29190752
20328,0.35022026,0.37004405,0.35022026
20329,0.21634616,0.23557693,0.21634616
20330,0.89160305,0.95648855,0.89847326
20331,0.45378152,0.68067229,0.45378152
20332,0.31914893,0.31914893,0.31914893
20333,0.42465752,0.44748858,0.42465752
20334,0.84557045,1.0073643,0.87799519
20335,0.057971016,0.057971016,0.057971016
20336,0.24728261,0.30978259,0.25
20337,0.27087718,0.32350877,0.27859649
20338,0.31999999,0.45142856,0.36952382
20339,0.40939596,0.48322147,0.41275167
20340,0.27777779,0.39898989,0.27777779
20341,0.095238097,0.095238097,0.095238097
20342,0.2,0.29714286,0.2
20343,0.69863015,0.80821919,0.69863015
20344,0.26444834,0.47110334,0.26619965
20345,0.20071048,0.27708703,0.20071048
20346,0.26744187,0.27906978,0.26744187
20347,0.23536299,0.30210772,0.23536299
20348,0.26666668,0.42621723,0.30112359
20349,0.27906978,0.28682169,0.27906978
20350,0.097014926,0.33955225,0.12686567
20351,0.20952381,0.27936509,0.20952381
20352,0.61356366,0.64491361,0.61356366
20353,0.17460318,0.19047619,0.17460318
20354,0.76923078,0.88461536,0.78846157
20355,0.39411765,0.47058824,0.40000001
20356,0.13592233,0.32038835,0.13592233
20357,0.023809524,0.061904762,0.023809524
20358,0.38728324,0.47976878,0.39884394
20359,0.12222222,0.2,0.12222222
20360,0.064583331,0.077083334,0.064583331
20361,0.10096154,0.125,0.10096154
20362,0.19852941,0.25735295,0.19852941
20363,0.28389829,0.33050847,0.29237288
20364,0.60118461,0.89733464,0.65695953
20365,0.15231788,0.18543047,0.15231788
20366,0.31958088,0.34053701,0.32285526
20367,0.15801024,0.19092904,0.16020483
20368,0.053763442,0.10394266,0.096774191
20369,1.1,1.2272727,1.1181818
20370,0.65151513,1.0757576,0.74242425
20371,0.20224719,0.51123595,0.24719101
20372,0.014662757,0.014662757,0.014662757
20373,0.17105263,0.30263159,0.17105263
20374,0.10648149,0.11574074,0.1095679
20375,0.20855615,0.28520498,0.22459893
20376,1.15625,1.1875,1.15625
20377,0.49417076,0.64648366,0.55660021
20378,0.59358287,0.69518715,0.59358287
20379,0.48298573,0.58507133,0.49835345
20380,0.16959064,0.2748538,0.22222222
20381,0.42455244,0.45780051,0.43989769
20382,0.079234973,0.1557377,0.079234973
20383,0.19417475,0.2038835,0.2038835
20384,0.12703805,0.14266305,0.12839673
20385,0.2605145,0.41159657,0.31727237
20386,0.17472474,0.18126695,0.17472474
20387,0.59340662,0.73992676,0.62271065
20388,0.30664653,0.33534744,0.31117824
20389,0.7096774,0.75483871,0.7096774
20390,0.19428572,0.3032653,0.23510204
20391,0.43073341,0.45052385,0.43422586
20392,0.25907174,0.30126584,0.27552742
20393,0.013888889,0.05982906,0.021367522
20394,0.12062257,0.21400778,0.12062257
20395,0.20508744,0.23052464,0.21144675
20396,0.71088433,0.81462586,0.71343535
20397,0.3152934,0.38735178,0.33110368
20398,0.48153847,0.54153848,0.4876923
20399,0.15262076,0.25847894,0.20914696
20400,0.3881579,0.42763159,0.3881579
20401,0.27108583,0.33118972,0.2757853
20402,0.51891893,0.83243245,0.5243243
20403,0.086614177,0.18897638,0.094488189
20404,0.12121212,0.12121212,0.12121212
20405,0.16171618,0.16171618,0.16171618
20406,0.51499999,0.57769233,0.52019233
20407,0.26998413,0.32345155,0.27157226
20408,0.47826087,0.49275362,0.47826087
20409,0.29473683,0.44736841,0.31578946
20410,0.11678832,0.17518248,0.11861314
20411,2.1612904,2.1935484,2.1612904
20412,0.22206897,0.28965518,0.25931033
20413,0.58836055,0.8115685,0.61178142
20414,0.17614166,0.23532152,0.1859273
20415,0.12639999,0.13600001,0.12800001
20416,0.020833334,0.069444448,0.020833334
20417,0.30349344,0.42882097,0.30829695
20418,0.79289216,0.89705884,0.80024511
20419,0.78125,0.875,0.78125
20420,0.25255102,0.31122449,0.25255102
20421,0.8206107,1.0114504,0.86641222
20422,0.12121212,0.15151516,0.12121212
20423,0.38554215,0.45783132,0.38554215
20424,0.88530463,0.91397852,0.8888889
20425,0.14081633,0.16122448,0.14693877
20426,0.53140312,0.66458797,0.53140312
20427,0.31810766,0.36541599,0.3213703
20428,0.66129035,0.7903226,0.66589862
20429,0.088235296,0.13725491,0.088235296
20430,0.61818182,0.74545455,0.61818182
20431,0.22426471,0.22426471,0.22426471
20432,1.2463768,1.4492754,1.2898551
20433,0.368,0.41600001,0.368
20434,0.67264575,0.81678408,0.69122356
20435,0.55018139,0.61547762,0.55864573
20436,0.050632913,0.11708861,0.050632913
20437,0.18054226,0.21212122,0.18564594
20438,0.50118762,0.57482183,0.50356293
20439,0.25626981,0.31147304,0.26462957
20440,0.8125,1.05625,0.81875002
20441,0.11211073,0.15986159,0.11349481
20442,0.46153846,0.73076922,0.46153846
20443,0.51351351,0.78378379,0.51351351
20444,0.062015504,0.093023255,0.062015504
20445,0.30214426,0.46588695,0.30994153
20446,0.13333334,0.14786325,0.13333334
20447,0.25867608,0.37178662,0.28149101
20448,0.17488264,0.19953051,0.17488264
20449,0.539267,0.7670157,0.54973823
20450,0.3752819,0.39535409,0.3752819
20451,0.043343652,0.049535602,0.043343652
20452,0.28460038,0.50487328,0.4269006
20453,0.20652173,0.34420291,0.23369566
20454,0.45884579,0.5525071,0.46736047
20455,0.28221861,0.61827081,0.43066883
20456,0.022801302,0.035830621,0.03257329
20457,0.41411451,0.45539281,0.41411451
20458,0.25396827,0.46825397,0.26190478
20459,0.33902439,0.47560975,0.35609755
20460,0.73959941,0.82280433,0.74653316
20461,0.22935779,0.29357797,0.24770643
20462,0.21028037,0.2453271,0.21028037
20463,0.11009175,0.22935779,0.19266056
20464,0.34246576,0.3561644,0.34246576
20465,0.69230771,0.74125874,0.69230771
20466,0.64491916,0.69081986,0.65213627
20467,0.33912757,0.41587406,0.34667104
20468,0.50268608,0.56830394,0.5061397
20469,0.34300649,0.37229633,0.34643114
20470,0.43402779,0.44560185,0.43402779
20471,0.27536231,0.33333334,0.27536231
20472,0.60377359,0.66415095,0.6301887
20473,0.014925373,0.014925373,0.014925373
20474,0.64252335,0.86214954,0.64485979
20475,0.48713398,0.61401951,0.49955633
20476,0.17857143,0.4107143,0.19642857
20477,0.15302491,0.16725978,0.15302491
20478,0.21908127,0.25441697,0.21908127
20480,0.04225352,0.14788732,0.04225352
20481,0.1253406,0.16076294,0.13079019
20482,0.33443186,0.47587663,0.34590036
20483,0.19688004,0.2345347,0.22054869
20484,0.40403154,0.57493424,0.43120071
20485,0.44664031,0.8715415,0.48418972
20486,0.2739726,0.2979452,0.2739726
20487,0.43333334,0.47777778,0.44444445
20488,2,3.5,2
20489,0.22305389,0.34356287,0.2245509
20490,1.0013947,1.111576,1.0153418
20491,0.29486099,0.32940185,0.29907331
20492,0.17647059,0.29411766,0.20588236
20493,0.11363637,0.15909091,0.11363637
20494,0.2006079,0.21048632,0.2006079
20495,0.22932917,0.32293293,0.23868954
20496,0.31527093,0.4679803,0.31527093
20497,0.44551283,0.51089746,0.44551283
20498,0.3023077,0.5476923,0.30538461
20499,0.13675214,0.18803419,0.16239317
20500,0.20223881,0.23432836,0.20223881
20501,0.25806451,0.46451613,0.43870968
20502,0.26724139,0.29310346,0.27011493
20503,0.75,0.75,0.75
20504,0.40963855,0.48192772,0.40963855
20505,0.56940508,0.63172805,0.56940508
20506,0.04040404,0.04040404,0.04040404
20507,0.20859873,0.26592356,0.20859873
20508,0.36190477,0.45714286,0.36190477
20509,0.65467381,0.74411565,0.66644251
20510,0.014354067,0.028708134,0.014354067
20511,0.65234375,0.73203123,0.65312499
20512,0.36125654,0.43455496,0.36125654
20513,0.3960481,0.43298969,0.40206185
20514,0.73118281,0.79569894,0.73476702
20515,0.44697803,0.60274726,0.46868131
20516,0.27685949,0.43491736,0.35020661
20517,0.92036122,1.0484401,0.92775041
20518,0,0.2,0
20519,0.50387597,0.51937985,0.50387597
20520,0.33994055,0.43607533,0.37561941
20521,0.051282052,0.15384616,0.051282052
20522,0.052044611,0.10037175,0.052044611
20523,0.22764228,0.40650406,0.25203252
20524,0.21568628,0.21568628,0.21568628
20525,0.55479455,0.73581213,0.58023483
20526,0.2351733,0.4944801,0.26469833
20527,0.65052354,0.73167539,0.65314138
20528,0.20348836,0.47674417,0.20348836
20529,0.6902439,0.8585366,0.69512194
20530,0.52823919,0.63289034,0.52823919
20531,0.51417005,0.54251009,0.53846157
20532,0.077202544,0.12170754,0.077202544
20533,0.3255814,0.33139536,0.3255814
20534,0.33130082,0.38922763,0.33231708
20535,0.75815219,0.8369565,0.76086956
20536,0.20588236,0.35294119,0.22058824
20537,0.19147225,0.21802092,0.20514883
20539,0.10852713,0.20930232,0.13565892
20540,0.19221412,0.23357664,0.23114355
20541,0.60606062,0.65656567,0.60606062
20542,0.14130434,0.18478261,0.16304348
20543,0.60229886,0.62758619,0.60747129
20544,0.56,0.69,0.56
20545,0.47806355,0.5990923,0.51134646
20546,0.19753087,0.33862433,0.2345679
20547,0.25999999,0.36000001,0.28999999
20548,0.27737227,0.32481751,0.27737227
20549,0.46043167,0.57122302,0.46546763
20550,0.17665616,0.2933754,0.26182964
20551,0.65636146,0.93697977,0.74554104
20552,0.44047618,0.47619048,0.44047618
20553,0.11942675,0.17197452,0.12898089
20554,0.38939929,0.45017669,0.395053
20555,0.27196652,0.33891213,0.28033474
20557,0.46826759,0.55060035,0.47169811
20558,0.42424244,0.45959595,0.42424244
20559,0.32452238,0.49542004,0.33368227
20560,0.032218091,0.033457249,0.032218091
20561,0.28254288,0.33602422,0.28859738
20562,0.2039801,0.23383084,0.21393035
20563,0.025454545,0.050909091,0.029090909
20564,0.40753424,0.48972604,0.4178082
20565,0.45128205,0.59384614,0.51128203
20566,0.32404181,0.41231126,0.32404181
20567,0.29873773,0.44319776,0.32819074
20568,0.56291389,0.98013246,0.56953645
20569,0.14285715,0.21978022,0.1456044
20570,0.35827187,0.46101159,0.38303477
21001,0.55122244,0.77507454,0.60620153
21002,0.41836736,0.54638219,0.44341373
21003,0.14996217,0.29311648,0.16698185
21004,0.4479883,0.72582299,0.4781273
21005,0.75708503,1.048583,0.75708503
21006,0.13942307,0.18055555,0.14102565
21007,0.25932506,0.3374778,0.26642984
21008,0.16431536,0.1900415,0.17012449
21009,0.22499999,0.22499999,0.22499999
21010,0.55415702,0.61570054,0.55727065
21011,0.38116592,0.48878923,0.38116592
21012,0.61430794,0.64230174,0.62519443
21013,0.31839904,0.33632019,0.31839904
21014,0.12888889,0.22222222,0.1437037
21015,0.48691958,0.5675258,0.4957042
21016,1.1018867,1.5710692,1.1886792
21017,0.36260289,0.4305501,0.37083498
21018,0.56999999,0.6925,0.58499998
21019,0.50127041,0.62604356,0.54355717
21020,0.25400642,0.34695512,0.25400642
21021,0.22988506,0.24712643,0.23563218
21022,0.17938496,0.22266515,0.17938496
21023,0.10932106,0.27330264,0.11795167
21024,0.35185185,0.41666666,0.35185185
21025,0.32649419,0.4130241,0.32649419
21026,0.36553031,0.40435606,0.36931819
21027,0.49308756,0.69354838,0.5391705
21028,1.3310024,1.5454545,1.3473194
21029,0.19652174,0.26260871,0.20869565
21030,0.044943821,0.056179777,0.044943821
21031,0.5633803,0.72769952,0.5633803
21032,0.63846153,0.93846154,0.63846153
21033,0.11711711,0.16216215,0.11711711
21034,0.27983871,0.39451614,0.34887096
21035,0.31421745,0.40023896,0.32497013
21036,0.64151871,0.89497042,0.6474359
21037,0.50775194,0.58914727,0.51162791
21038,0.6480068,0.69041562,0.64885497
21039,0.33848798,0.46477664,0.35567009
21040,0.22130014,0.27939144,0.22130014
21041,0.23365511,0.35892937,0.30100921
21042,0.39523,0.5383305,0.41226575
21043,0.51032007,0.68456477,0.54845947
21044,0.30599216,0.39440078,0.31286836
21045,0.39857143,0.54020411,0.42591837
21046,0.20864198,0.28765431,0.21975309
21047,0.52998501,0.58245879,0.52998501
21048,0.71942449,0.92565948,0.76318944
21049,0.15355664,0.21076402,0.15543847
21050,0.26636139,0.34249189,0.2669338
21051,0.27510315,0.31052271,0.2778542
21052,0.1509434,0.33018869,0.20754717
21053,0.67925239,0.95772702,0.6989463
21054,0.28966311,0.40109417,0.29743737
21055,0.073455758,0.12186978,0.07512521
21056,0.3525641,0.37179488,0.3525641
21057,0.042857144,0.065714285,0.044761904
21058,0.14691657,0.26027811,0.14933495
21059,0.20689656,0.21982759,0.20689656
21060,0.17216495,0.21752578,0.17216495
21061,2.2735167,2.6150506,2.3111432
21062,0.20294599,0.24222586,0.21112929
21063,0.12201074,0.16251831,0.13225964
21064,0.19613852,0.29574013,0.19797732
21065,0.46848738,0.58109242,0.47815126
21066,0.105644,0.10998553,0.105644
21067,0.13119835,0.22159091,0.16322315
21068,0.41974524,0.50445861,0.42993632
21069,0.21918721,0.25383079,0.22051965
21070,0.17313433,0.27462685,0.17313433
21071,0.44149765,0.58741552,0.45595422
21072,1.0458318,1.2526164,1.0682064
21073,0.088616714,0.129683,0.088616714
21074,0.42661449,0.53638142,0.43871197
21075,0.20904836,0.29589182,0.21268851
21076,0.20025189,0.28557935,0.20528968
21077,0.10500491,0.14229637,0.10893033
21078,0.83137703,0.94360149,0.84798169
21079,0.32549942,0.41010576,0.32667449
21080,0.80802292,0.96561605,0.81948423
21081,0.077272728,0.090909094,0.077272728
21082,0.69510663,0.91969889,0.74153072
21083,0.24435525,0.30983442,0.25087807
21084,0.14821763,0.22326455,0.14821763
21085,0.24459161,0.51066959,0.2674025
21086,0.12479407,0.15032949,0.12520593
21087,0.077643387,0.13733906,0.078423724
21088,0.15572716,0.19433719,0.16602316
21089,0.17832765,0.24744028,0.18046075
21090,0.39568588,0.44657904,0.40242669
21091,0.15984654,0.17774937,0.15984654
21092,0.16613418,0.24728434,0.17188498
21093,0.57201648,0.73662549,0.59396434
21094,0.32434639,0.42755991,0.33605665
21095,0.76785713,0.8035714,0.76785713
21096,0.19178082,0.22504893,0.19569471
21097,0.40552995,0.44239631,0.40552995
21098,0.0625,0.099813432,0.063432835
21099,0.31616506,0.39962769,0.3167856
21100,0.32536623,0.40555128,0.32536623
21101,0.2,0.26391754,0.21649484
21102,0.64936173,0.76595747,0.65361702
21103,0.11952662,0.17633136,0.12071006
21104,0.21039467,0.27709839,0.25319621
21105,0.3141264,0.35873607,0.3141264
21106,0.25513646,0.3612389,0.25636306
21107,0.75233644,0.93302178,0.75778818
21108,0.69826221,0.9494471,0.7019484
21109,0.15459611,0.20264624,0.158078
21110,0.11037619,0.21524046,0.12167563
21111,0.1510924,0.19557779,0.15135562
21112,0.046212122,0.07272727,0.046969697
21113,0.080074489,0.10800745,0.085661083
21114,0.45328495,0.57784444,0.49050805
21115,0.2030995,0.39836869,0.2050571
21116,0.45610279,0.62251455,0.46527991
21117,0.5751366,0.73633879,0.68579233
21118,0.26339287,0.3277311,0.29805672
21119,0.39599556,0.50933135,0.41960204
21120,0.94436622,1.065493,0.96197182
21121,0.31216931,0.37566137,0.31216931
21122,0.44239631,0.54147464,0.45046082
21123,0.1996337,0.30586082,0.21062271
21124,0.22133891,0.2748954,0.22635983
21125,0.15712188,0.20558003,0.15712188
21126,0.24381626,0.34098941,0.24381626
21127,0.19787234,0.3319149,0.2212766
21128,0.10215054,0.12365592,0.10215054
21129,0.26080588,0.35897437,0.26080588
21130,0.89041096,0.98630136,0.96232879
21131,0.20430107,0.22580644,0.20430107
21132,0.44529551,0.53076857,0.46331275
21133,0.2027027,0.25675675,0.2027027
21134,0.60205698,0.72863925,0.62579113
21135,0.16470589,0.22352941,0.16470589
21136,0.61839533,0.74755383,0.63992172
21137,0.12900275,0.19762123,0.17108874
21138,0.48635408,0.55633312,0.48775366
21139,0.18396227,0.18867925,0.18632075
21140,0.70007497,1.0337416,0.8322919
21141,0.34851936,0.44874716,0.35990888
21142,0.2247446,0.31611806,0.24404086
21143,0.36530775,0.45083934,0.39208633
21144,0.70191669,0.72108394,0.70191669
21145,0.52748269,0.71316397,0.52933025
21146,0.296875,0.34375,0.296875
21147,0.22362386,0.27178898,0.23279816
21148,0.46751055,0.56033754,0.46751055
21149,0.70290893,0.91654748,0.73772055
21150,0.26125243,0.33953032,0.27299413
21151,1.2387543,1.2975779,1.2387543
21152,0.16683832,0.21524201,0.20236869
21153,0.31134468,0.38202247,0.31388184
21154,0.2894285,0.44873682,0.30892813
21155,0.55220884,0.68473893,0.56425703
21156,0.6936022,0.85613024,0.73036999
21157,0.41321045,0.48156682,0.41628265
21158,0.23542354,0.31573159,0.23982398
21159,0.41324201,0.54109591,0.41324201
21160,0.10021786,0.10893247,0.10021786
21161,0.19191919,0.30062529,0.20971622
21162,0.19160387,0.27987084,0.20882669
21163,0.2701633,0.37506184,0.28253341
21164,0.46438944,0.66574472,0.46839994
21165,0.41509435,0.4591195,0.41509435
21166,0.10576015,0.12936732,0.10576015
21167,0.23372921,0.29263657,0.23420428
21168,0.12487709,0.13274336,0.12487709
21169,0.19101797,0.2494012,0.19970059
21170,0.25236925,0.32362232,0.28115129
21171,0.86816722,1.0900321,0.87781352
21172,0.4390046,0.59561807,0.4544225
21173,0.18245125,0.27437326,0.18523677
21174,0.26959798,0.38756281,0.28115577
21175,0.27868852,0.38729507,0.2817623
21176,0.19820972,0.22762148,0.19820972
21177,0.21421592,0.33292624,0.21543722
21178,0.14438014,0.19159305,0.14803533
21179,0.31465653,0.38556504,0.35074392
21180,0.59768009,0.72161174,0.62179488
21181,0.45318353,0.49563047,0.46192259
21182,0.27041942,0.28697571,0.27152318
21183,0.30277857,0.41306216,0.30564308
21184,0.25782156,0.36558518,0.27694091
21185,0.35183129,0.3973363,0.35183129
21186,0.37829593,0.52560472,0.39376771
21187,0.081875995,0.12321144,0.088235296
21188,0.1623667,0.18885449,0.1623667
21189,0.25053191,0.29095745,0.25212765
21190,0.14615385,0.16153847,0.14615385
21191,0.10674847,0.1398773,0.10674847
21192,0.21399178,0.29218107,0.24279836
21193,0.1905434,0.25546929,0.1905434
21194,0.15478177,0.18936323,0.15788218
21195,0.3317903,0.37819695,0.33398911
21196,0.021857923,0.021857923,0.021857923
21197,0.49565309,0.63284564,0.5118745
21198,0.15384616,0.19526628,0.17159763
21199,0.32682842,0.45182842,0.34933192
21200,0.30839002,0.40589568,0.3197279
21201,0.046632126,0.075129531,0.046632126
21202,0.27166015,0.39519283,0.28339854
21203,0.39935845,0.52526063,0.40096232
21204,0.32237673,0.39696586,0.32364097
21205,0.35963166,0.41488302,0.36062717
21206,0.15719947,0.21928665,0.15719947
21207,0.15620713,0.30332649,0.16958162
21208,0.67522287,0.93160158,0.69382107
21209,0.7496444,1.0298719,0.79089618
21210,0.080677293,0.085657373,0.081673309
21211,0.39718804,0.56854129,0.49121267
21212,0.35656664,0.49532107,0.36269763
21213,0.23303504,0.34116331,0.23527218
21214,0.4616988,0.57060969,0.47159979
21215,0.079306073,0.12019826,0.083023541
21216,0.17826086,0.27608696,0.22826087
21217,1.0258578,1.1705619,1.03456
22001,0.17039622,0.21864094,0.18025047
22002,0.23626374,0.31734481,0.25601426
22003,0.89531857,1.130039,0.93628091
22004,0.45131487,0.55593461,0.48457712
22005,0.56182247,0.81893629,0.6287263
22006,2.3652039,3.1489029,2.5462382
22007,0.65900385,0.74137932,0.67464876
22008,0.20093115,0.26439598,0.21759373
22009,0.4616695,0.55621809,0.47614992
22010,0.35075262,0.46180063,0.38227776
22011,0.4738912,0.67205596,0.51092416
22012,0.83917117,0.9718796,0.85841143
22013,0.35672325,0.52349871,0.3694517
22014,1.3087519,1.5790358,1.3710314
22015,0.36911356,0.44806093,0.3836565
22016,1.2331487,1.4477755,1.2935841
22017,0.93040401,1.0468888,0.94278973
22018,0.57210684,0.76468843,0.61157268
23001,0.97749197,1.1772062,0.99214005
23002,0.63292181,0.69163239,0.6373114
23003,1.6025281,1.6867977,1.6039326
23004,0.49463445,0.57286131,0.50641859
23005,1.2480727,1.3787017,1.2642884
23006,0.47826943,0.54296952,0.48633236
23007,0.90262628,1.0266666,0.9038384
23008,1.2046193,1.3711656,1.2165283
23009,0.80950028,0.8916378,0.81692231
23010,,,
24001,0.29777256,0.37123877,0.32317311
24002,0.14949584,0.22533977,0.16220956
24003,0.42702574,0.48580202,0.43108907
24004,0.10511757,0.10926694,0.10511757
24005,0.29439253,0.35124612,0.30218068
24006,0.2940613,0.44252872,0.31609195
24007,0.29581797,0.38437885,0.30381304
24008,0.13149522,0.16065748,0.13626723
24009,0.56875002,0.63125002,0.57499999
24010,0.11713758,0.17009798,0.12849638
24011,0.20630373,0.24928367,0.20835039
24012,0.28555176,0.36928329,0.29124004
24013,0.19035408,0.32813886,0.20731828
24014,0.34902215,0.45755428,0.35568452
24015,0.13679619,0.19706582,0.14710547
24016,0.17336395,0.34754798,0.18828933
24017,0.095238097,0.13464119,0.098759219
24018,0.19537334,0.26065049,0.20911589
24019,0.19861831,0.23143351,0.19861831
24020,0.23490068,0.2873936,0.23794082
24021,0.11451342,0.19777684,0.12908976
24022,0.11064559,0.20548467,0.14244905
24023,0.20498355,0.28537846,0.21391632
24024,0.20679389,0.28461227,0.21450806
24025,0.40697196,0.5142327,0.43419966
24026,0.23665224,0.33718133,0.24338624
24027,0.68485916,0.90492958,0.69366199
24028,0.47610775,0.61369973,0.50674468
24029,0.072786354,0.11454102,0.077822909
24030,0.19308357,0.28530258,0.2017291
24031,0.39256197,0.45092976,0.39798555
24032,0.18594813,0.30402794,0.21096192
24033,0.20635839,0.25722542,0.21560694
24034,0.20741656,0.30580965,0.21310259
24035,0.15091735,0.20344211,0.16301347
24036,0.14401059,0.21336862,0.15261416
24037,0.44912091,0.54185468,0.45546132
24038,0.24338153,0.30055618,0.24738598
24039,0.34964466,0.44812182,0.35492384
24040,0.19075273,0.26245254,0.1909761
24041,0.44075957,0.50013375,0.44543996
24042,0.18898551,0.24057971,0.18956521
24043,0.3548387,0.47004607,0.36059907
24044,0.17658931,0.26236126,0.18567105
24045,0.2627852,0.35523209,0.28520849
24046,0.05026678,0.058129739,0.0505476
24047,0.093871765,0.12398158,0.094934464
24048,0.17715618,0.18648018,0.18648018
24049,0.22255424,0.35169548,0.25438482
24050,0.18368995,0.25743508,0.18988024
24051,0.23044097,0.27738264,0.23257469
24052,0.23519009,0.32272324,0.25110522
24053,0.14137162,0.19844021,0.14496163
24054,0.50972658,0.59723246,0.5146066
24055,0.11150209,0.12645701,0.11238179
24056,0.21587643,0.31537357,0.23527299
24057,0.414197,0.4849157,0.41889974
24058,0.22763465,0.25105387,0.22950819
25001,0.510423,0.68860316,0.53134513
25002,0.33903983,0.41756606,0.35727578
25003,0.20226917,0.28129891,0.21302816
25004,0.13087492,0.19884309,0.13376717
25005,0.42035601,0.49748972,0.43130991
25006,0.48206049,0.6879378,0.51674354
25007,0.24119969,0.29123914,0.24435675
25008,0.21314864,0.266074,0.21728344
25009,0.1884858,0.28627759,0.19479495
25010,0.2362822,0.41276595,0.2531915
25011,0.34532291,0.45699391,0.35609615
25012,0.10138455,0.29307726,0.13666816
25013,0.23245849,0.41590786,0.24906267
25014,0.13156343,0.21160275,0.13746312
25015,0.35239771,0.62604487,0.4016718
25016,0.20091064,0.32384747,0.20489471
25017,0.21567371,0.28749377,0.22229341
25018,0.54856616,0.92321926,0.64717853
26001,0.51298702,0.57792211,0.51298702
26002,0.38083103,0.4110153,0.38083103
26003,0.26695684,0.32607907,0.28073993
26004,1.3892473,1.4602151,1.3978494
26005,0.15555556,0.16666667,0.15555556
26006,0.11,0.145,0.11
26007,0.19047619,0.23809524,0.19047619
26008,0.54330707,0.57480317,0.54330707
26009,0.25,0.29166666,0.25
26010,0.1491228,0.1491228,0.1491228
26011,0.23404256,0.38297874,0.23404256
26012,0.58848315,0.68469101,0.60674155
26013,0.058139537,0.1627907,0.058139537
26014,0.45522389,0.50746268,0.46268657
26015,0.23484848,0.2651515,0.23484848
26016,0.79457366,0.91085273,0.79457366
26017,0.76743054,0.85689908,0.77718186
26018,0.8736701,1.0493751,0.91633093
26019,0.26762116,0.41960353,0.26762116
26020,0.4224138,0.46839079,0.4224138
26021,1,1.1829268,1
26022,0.061728396,0.13580246,0.061728396
26023,0.46218488,0.53781515,0.46218488
26024,0.2647059,0.32352942,0.2647059
26025,0.43865031,0.52338958,0.45973927
26026,0.49054098,0.61301029,0.51753515
26027,0.56223178,0.59227467,0.56223178
26028,0.61538464,0.73076922,0.61538464
26029,0.55328745,0.64075482,0.56444341
26030,0.24859805,0.4166998,0.28829426
26031,0.046979867,0.046979867,0.046979867
26032,0.16666667,0.16666667,0.16666667
26033,0.28238678,0.35541946,0.29491463
26034,1.5,1.5,1.5
26035,0.74529666,0.80318379,0.7496382
26036,0.30428672,0.41110331,0.31623331
26037,0.2857143,0.5714286,0.2857143
26038,0.73076922,1.1410257,0.73076922
26039,1.3177258,1.3712375,1.3177258
26040,0.11538462,0.19711539,0.11538462
26041,0.54574132,0.79810727,0.54574132
26042,0.32963151,0.40656233,0.33891973
26043,0.32386121,0.35121328,0.33045977
26044,1.8947369,1.8947369,1.8947369
26045,0.18729097,0.26421404,0.18729097
26046,0.050000001,0.050000001,0.050000001
26047,0.33156499,0.37931034,0.33421752
26048,0.47015536,0.52875441,0.4704279
26049,0.78988326,0.94941634,0.79766536
26050,0.3773585,0.53773582,0.39622641
26051,0.39826086,0.45217392,0.40521738
26052,0.33640552,0.36175114,0.33640552
26053,0.83333331,0.83333331,0.83333331
26054,0.23076923,0.23076923,0.23076923
26055,0.55563998,0.59146726,0.55690593
26056,0.30684501,0.50590086,0.31471282
26057,0.64102566,0.74358976,0.64102566
26058,1.4936171,1.7957447,1.5063829
26059,0.15981735,0.24657534,0.15981735
26060,0.35741445,0.40304184,0.35741445
26061,0.9285714,0.9464286,0.9285714
26062,1.1617647,1.1911764,1.1617647
26063,0.29545453,0.40909091,0.29545453
26064,0.54037267,0.62111801,0.54037267
26065,0.2754491,0.43113771,0.2754491
26066,0.36996338,0.5750916,0.36996338
26067,0.23529412,0.23529412,0.23529412
26068,0.48387095,0.51612902,0.48387095
26069,0.30215827,0.35539567,0.30215827
26070,0.4705596,0.49051094,0.4705596
26071,0.31347236,0.36246276,0.31678253
26072,0.44225481,0.50320804,0.44317141
27001,0.40194869,0.46891958,0.40256536
27002,0.61044174,0.72313797,0.63081777
27003,0.45878702,0.56321579,0.47102961
27004,0.72407258,0.95992416,0.75463712
27005,0.48989129,0.62447333,0.52543992
27006,0.93402779,1.1764661,0.97060186
27007,0.42879915,0.5526036,0.42879915
27008,0.59300697,0.7217133,0.61045456
27009,0.8050276,1.0331085,0.85438383
27010,0.32168552,0.39645427,0.33851489
27011,0.41359839,0.50056469,0.41495368
27012,0.61274588,0.79672343,0.62197125
27013,0.37100399,0.65322179,0.40734264
27014,0.18026528,0.3960008,0.20387861
27015,0.22671171,0.37105367,0.23645577
27016,0.21964218,0.29158735,0.22268748
27017,0.50342047,0.57042623,0.50482374
28001,0.34298301,0.38388923,0.35242289
28002,0.26901743,0.36925516,0.26941362
28003,0.75318474,0.85382164,0.77547771
28004,0.40163934,0.54426229,0.4180328
28005,0.20185924,0.22576362,0.20185924
28006,0.2665655,0.35508347,0.27263531
28007,2.7438524,2.8770492,2.7438524
28008,0.16290481,0.19921492,0.16486752
28009,0.41387314,0.55479628,0.43849921
28010,0.077262692,0.086092718,0.077262692
28011,0.15524361,0.18001652,0.15524361
28012,0.18155259,0.29403171,0.19991653
28013,0.08767657,0.10082806,0.088650756
28014,1.7468355,2.392405,1.7468355
28015,1.7188553,1.8013468,1.7188553
28016,0.16891134,0.19304153,0.17283951
28017,0.24101028,0.32534248,0.24143836
28018,0.31034482,0.56426334,0.34169278
28019,0.20327219,0.27714428,0.20475954
28020,0.036144577,0.066265061,0.036144577
28021,0.26272354,0.33218706,0.26730856
28022,1.2547667,1.3112141,1.256969
28023,0.14568345,0.16906475,0.14568345
28024,0.45454547,0.45454547,0.45454547
28025,1.7439491,1.8305732,1.7439491
28026,0.20774648,0.27230048,0.21126761
28027,1.8917013,1.9777849,1.8958668
28028,0.55162239,0.66076696,0.56637168
28029,0.28195488,0.375,0.28853384
28030,0.23318386,0.28475335,0.23991032
28031,0.14847161,0.23144105,0.15720524
28032,1.7073295,1.7920969,1.7102613
28033,0.99143988,1.0347515,0.99220645
28034,0.19431643,0.24654378,0.19738863
28035,0.16727845,0.29977277,0.18493271
28036,0.12149533,0.15264797,0.1246106
28037,0.21140473,0.27155772,0.21870653
28038,0.19929735,0.31140211,0.21798147
28039,0.13700306,0.23037717,0.15147808
28040,1.6390741,1.7085131,1.6429973
28041,0.28112349,0.54364878,0.32312754
28042,0.10416666,0.1125,0.10625
28043,0.77457798,1.1370407,0.8023833
29001,0.74752474,0.89603961,0.7772277
29002,0.13065326,0.22613065,0.14237855
29003,0.33724341,0.42961878,0.34750733
29004,0.20122974,0.29346004,0.2040246
29005,0.22954136,0.34060252,0.25809354
29006,0.94278353,1.1469072,0.98814434
29007,0.3904894,0.50676847,0.41686913
29008,0.41688889,0.58399999,0.43822223
29009,0.22109534,0.35294119,0.24340771
29010,0.25744352,0.34342915,0.27695072
29011,0.58503401,0.82993197,0.62585032
29012,0.1845855,0.32124352,0.20595855
29013,0.44562957,0.65868884,0.48517171
29014,0.13860759,0.25759494,0.16075949
29015,0.16317584,0.30686799,0.20603994
29016,0.86852592,1.501992,1.0079681
29017,0.09375,0.17652027,0.11570946
29018,0.28854313,0.42809996,0.31730315
29019,0.21799308,0.33425605,0.25190312
29020,0.74038464,1.1653847,0.85192305
29021,0.6341213,0.98252827,0.78417265
29022,0.31597221,0.42708334,0.37152779
29023,0.11275665,0.16088858,0.12218108
29024,0.25212947,0.36541739,0.28194207
29025,0.20831807,0.31943935,0.23021254
29026,0.48631841,0.6449005,0.51741296
29027,0.049234137,0.098468274,0.054704595
29028,0.32282713,0.48471823,0.37344795
29029,0.1472754,0.24447717,0.16936672
29030,0.25546977,0.38288289,0.26962677
29031,0.59486055,0.74084198,0.62383819
29032,0.13140312,0.21603563,0.13363029
29033,0.26333952,0.39660206,0.29015133
29034,0.15195554,0.23552041,0.16670229
29035,0.41990292,0.66262138,0.49271846
29036,0.60194176,0.79611653,0.63300973
29037,0.28397566,0.37170386,0.30527383
29038,0.33228841,0.38244513,0.33777431
29039,0.2619167,0.43652785,0.3110888
29040,0.073548384,0.13806452,0.096774191
29041,0.14934565,0.26943803,0.19553503
29042,0.27827647,0.41292641,0.32136446
29043,0.82120138,1.0028268,0.88056535
29044,0.18938053,0.27292034,0.21769911
29045,0.17721519,0.25316456,0.19746836
29046,0.3566879,0.60721868,0.36093417
29047,0.20384616,0.31538463,0.21153846
29048,0.14973262,0.23903744,0.16951871
29049,0.42348754,0.57651246,0.43060499
29050,0.15816326,0.25127551,0.17984694
29051,0.63492066,0.75132275,0.67724866
29052,0.21081081,0.40810812,0.22027028
29053,0.2740047,0.50468385,0.2974239
29054,1.251121,1.4215246,1.2869955
29055,0.53846157,0.6769231,0.55384618
29056,0.26822916,0.39453125,0.27864584
29057,0.046341464,0.080487803,0.053658538
29058,0.47308782,0.61473089,0.49008498
29059,0.10731708,0.26341462,0.13414635
29060,0.05820106,0.14285715,0.081128746
30001,0.31822759,0.43605235,0.31822759
30002,0.27823693,0.33057851,0.28925619
30003,0.24043766,0.28854325,0.2526449
30004,0.64584893,0.86050862,0.67427075
30005,0.1875,0.34999999,0.1875
30006,0.15016258,0.2101685,0.16819391
30007,0.69084823,0.84598213,0.69084823
30008,0.21469817,0.38845146,0.22887139
30009,0.46678445,0.55441695,0.480212
30010,0.40916598,0.460673,0.41804293
30011,0.18512185,0.23792219,0.19324498
30012,0.19695194,0.33997655,0.2063306
30013,0.45344618,0.55018139,0.45344618
30014,0.62495947,0.72350079,0.63792545
30015,0.24292262,0.41008359,0.26637909
30016,0.969697,1.2530303,1
30017,0.33695653,0.43115941,0.35869566
30018,0.54389316,0.65267175,0.55725193
30019,0.62364697,0.69109076,0.62364697
30020,0.57027942,0.62277728,0.57070279
30021,0.22508793,0.35834309,0.23837437
30022,0.13437703,0.18851924,0.14253098
30023,0.43913844,0.52486891,0.45585942
30024,0.19043152,0.22795497,0.19824891
30025,0.14896266,0.18921162,0.15705395
30026,0.52453738,0.64601767,0.58165729
30027,0.19366582,0.21168548,0.195668
30028,0.30953678,0.38655767,0.33514985
30029,0.35176915,0.37822053,0.35417381
30030,0.82279533,1.0232946,0.88435942
30031,0.16712898,0.25485438,0.19625521
30032,0.19986434,0.28532669,0.2059688
30033,0.079607412,0.19465649,0.096510358
30034,0.15696649,0.19576719,0.15873016
30035,0.074142158,0.093137257,0.074142158
30036,0.41434598,0.57890296,0.42531645
30037,0.2109434,0.31962264,0.23773585
30038,0.5585196,0.73996633,0.57125694
30039,0.36383501,0.43738049,0.38787216
30040,0.13773315,0.26140603,0.15351507
30041,0.99072355,1.0408163,1.0037106
30042,0.2440239,0.30478087,0.24501993
30043,0.16075808,0.28405797,0.18149386
30044,0.78437263,0.9398948,0.8231405
30045,0.20553111,0.26335639,0.20930232
30046,0.18875928,0.24036762,0.19653589
30047,0.23925845,0.26390404,0.24225736
30048,0.37197968,0.43119362,0.38400912
30049,0.11552795,0.18550725,0.12960662
30050,0.18758816,0.37038082,0.21495064
30051,0.25421658,0.34979221,0.27010512
30052,0.50332004,0.58366531,0.52523237
30053,0.47607654,0.66985649,0.51339716
30054,0.22373949,0.28991598,0.22689076
30055,0.37154767,0.55758208,0.38040647
30056,0.39936608,0.46909666,0.40015846
30057,0.029857397,0.03654189,0.029857397
30058,0.13948339,0.17435424,0.14520295
30059,0.3543759,0.47847921,0.37661406
30060,0.062624648,0.082967691,0.062624648
30061,0.14789219,0.17321552,0.15085398
30062,0.3872757,0.4101142,0.39021206
30063,0.056566652,0.07525824,0.056566652
30064,0.052465897,0.14060861,0.079748161
30065,0.55931658,0.74306899,0.59509993
30066,0.096854821,0.24724016,0.11664236
30067,0.9530279,1.0566556,0.96155512
30068,0.44566929,0.54960632,0.47622046
30069,0.21748401,0.29371002,0.2228145
30070,0.23538923,0.27974129,0.23538923
30071,0.47345489,0.62836856,0.48991448
30072,0.057830572,0.088777743,0.065332919
30073,0.1715505,0.2685633,0.17339972
30074,0.58674467,0.68226123,0.62573099
30075,0.21185286,0.23841962,0.21696185
30076,0.3864783,0.42558023,0.38925329
30077,0.30932641,0.38937825,0.31476685
30078,0.045772187,0.11809923,0.047868624
30079,0.066125289,0.10034803,0.066125289
30080,0.29367328,0.37983948,0.31114259
30081,0.14270444,0.19241047,0.14430785
30082,0.21428572,0.30127299,0.21923621
30083,0.33057514,0.36774281,0.334102
30084,0.16809116,0.18660969,0.16809116
30085,0.47114286,0.61285716,0.49285713
30086,0.19529159,0.21575709,0.20238096
30087,0.47137859,0.55139905,0.50460672
30088,0.18066157,0.26081425,0.18066157
30089,0.28873238,0.33251685,0.29026332
30090,0.41325811,0.52327222,0.41466856
30091,0.1851211,0.24468611,0.18858132
30092,0.262364,0.35880315,0.26483679
30093,0.58149314,0.86855942,0.64353311
30094,0.15690777,0.29946423,0.15977803
30095,0.31642896,0.4241944,0.32593766
30096,0.26946107,0.58083832,0.26946107
30097,0.26425341,0.36561087,0.2923077
30098,0.15734266,0.18531469,0.15909091
30099,0.58026206,0.68550366,0.60892713
30100,0.43889192,0.56273764,0.44323736
30101,0.19798416,0.25961122,0.21641469
30102,0.46212447,0.5429064,0.47276124
30103,0.61681372,0.69112867,0.62401301
30104,0.39486519,0.4465003,0.39759037
30105,0.24727058,0.31543228,0.26822072
30106,0.15915494,0.21690141,0.16056338
30107,0.16016151,0.18034993,0.1615074
30108,0.32689458,0.36209041,0.33317533
30109,0.20685579,0.28092986,0.21250328
30110,0.53834677,0.59832883,0.54192775
30111,0.19368421,0.22400001,0.19578947
30112,0.55215126,0.67861801,0.60625815
30113,0.24365482,0.35228425,0.26903552
30114,0.22860636,0.31662592,0.22982885
30115,0.28527293,0.36560246,0.31359422
30116,0.42424244,0.49494949,0.43001443
30117,0.31126937,0.35986593,0.32132384
30118,0.60665894,1.0991095,0.68021679
30119,0.25829384,0.40284359,0.30568719
30120,0.026566217,0.059080094,0.030134814
30121,0.087023787,0.16476503,0.10230129
30122,0.14459333,0.29448426,0.14459333
30123,0.19817682,0.30019981,0.2002997
30124,0.21013603,0.26352811,0.23403534
30125,0.62599683,0.70733654,0.63556617
30126,0.36506277,0.43619248,0.36506277
30127,0.70591527,0.80444115,0.71897739
30128,0.4775289,0.61649311,0.52218574
30129,0.61992884,0.76120996,0.62633455
30130,0.30098337,0.34113792,0.30191994
30131,0.1358351,0.23921776,0.19767442
30132,0.22936971,0.31416506,0.23001949
30133,0.13131534,0.20557491,0.13175087
30134,0.13724434,0.20990312,0.14424112
30135,0.15412621,0.22815534,0.16292475
30136,0.29479769,0.46098265,0.29479769
30137,0.4573991,0.51121074,0.46337819
30138,0.73783588,1.0159768,0.84749454
30139,0.59790212,0.79020977,0.6258741
30140,0.014112903,0.016129032,0.016129032
30141,0.3593083,0.46421143,0.37331727
30142,0.14756542,0.24494866,0.15071216
30143,0.27115282,0.33328927,0.2730037
30144,0.076846637,0.1464061,0.087446176
30145,0.36287799,0.5130344,0.36704901
30146,0.19060774,0.26657459,0.19198895
30147,0.13970913,0.17908035,0.14073747
30148,0.58224225,0.68166941,0.58551556
30149,0.21263815,0.23145923,0.21359923
30150,0.10781933,0.12287518,0.10781933
30151,0.2728532,0.33795014,0.28116342
30152,0.11419142,0.1630363,0.11419142
30153,0.053385418,0.0859375,0.053385418
30154,0.047536232,0.063768119,0.047536232
30155,0.37704656,0.40552717,0.37809244
30156,0.18276973,0.22383253,0.18599033
30157,0.069385074,0.099309437,0.072673462
30158,0.097994991,0.13984962,0.11052632
30159,0.89484638,0.94222152,0.89772725
30160,0.19347689,0.23770319,0.20788474
30161,0.19261214,0.29639402,0.19598359
30162,0.091718614,0.16740872,0.11487088
30163,0.11652794,0.14149822,0.11652794
30164,0.380041,0.61585784,0.42105263
30165,0.31455168,0.46006858,0.33561981
30166,0.29668781,0.40591967,0.30514446
30167,0.049905244,0.071383446,0.052747946
30168,0.48379233,0.53424323,0.49256641
30169,0.13766164,0.18292026,0.14143319
30170,0.021294022,0.04954955,0.023341523
30171,0.33524683,0.38231918,0.34902412
30172,0.21769121,0.32379794,0.23392169
30173,0.5314225,0.59613675,0.54201531
30174,0.46860781,0.65586895,0.48535031
30175,0.10729728,0.16410564,0.14215393
30176,0.33754513,0.37184116,0.33754513
30177,0.077961676,0.1141115,0.077961676
30178,0.19473684,0.24436091,0.19699249
30179,0.45648313,0.54351687,0.49023092
30180,0.067947514,0.10356139,0.069821931
30181,0.35972133,0.43033564,0.3651045
30182,0.32101911,0.37006369,0.33312103
30183,0.22114465,0.42302963,0.24805355
30184,0.075403951,0.096947938,0.079593055
30185,0.43442622,0.49590164,0.43442622
30186,0.26960784,0.50980395,0.27450982
30187,0.18577075,0.29249012,0.18972331
30188,0.11323376,0.12608545,0.11497048
30189,0.1935387,0.25552216,0.22569497
30190,0.56284153,0.92349726,0.56284153
30191,0.414823,0.60619467,0.43473452
30192,0.47857141,0.68071431,0.47999999
30193,0.37462088,0.47314897,0.41378233
30194,0.096054889,0.11320755,0.10034306
30195,0.31217712,0.34538746,0.31365314
30196,0.37201366,0.46843004,0.39761093
30197,0.26027396,0.31735161,0.26426941
30198,0.041666668,0.084595956,0.053030305
30199,0.075284094,0.079190344,0.075284094
30200,0.282767,0.35072815,0.28883496
30201,0.39199591,0.45908159,0.40277064
30202,0.33583912,0.37850028,0.33865815
30203,0.061318208,0.12344678,0.070232309
30204,0.23930964,0.30577022,0.248068
30205,0.052554745,0.12798053,0.054014597
30206,0.4557662,0.95418644,0.47156399
30207,0.24862143,0.33301365,0.25341645
30208,0.12689295,0.20156658,0.16240209
30209,0.21770421,0.28319541,0.22094278
30210,0.27390218,0.43794978,0.2755177
30211,0.29243624,0.3460862,0.29287598
30212,0.079244412,0.17991246,0.086385623
31001,0.79310346,1.0893416,0.80721003
31002,0.26746988,0.31646585,0.27791163
31003,0.19033675,0.2796486,0.20204978
31004,0.26650944,0.49056605,0.2995283
31005,0.43846154,0.7846154,0.47692308
31006,0.37555066,0.62885463,0.42400882
31007,1.1762295,1.6885246,1.2991803
31008,0.024096385,0.040963855,0.024096385
31009,0.69333333,0.76222223,0.71333331
31010,0.79475981,1,0.82532752
31011,0.20987654,0.55908287,0.25749558
31012,0.5143885,0.71942449,0.58273381
31013,0.38964579,0.57220709,0.42234331
31014,0.62043798,0.70072991,0.62043798
31015,0.20696326,0.28820115,0.23984526
31016,0.2034384,0.3381089,0.23495702
31017,0.26881722,0.36774194,0.27311829
31018,0.14134276,0.22968198,0.14134276
31019,0.50039059,0.55350727,0.50085926
31020,0.24271844,0.47249192,0.28478965
31021,0.31300813,0.39532521,0.32317072
31022,0.46200243,0.63811821,0.51990348
31023,0.057971016,0.13526569,0.07004831
31024,0.064690024,0.10242587,0.075471699
31025,0.12152778,0.16319445,0.13715278
31026,0.42616034,0.59915614,0.4556962
31027,0.25870648,0.41293532,0.27363184
31028,0.25,0.52499998,0.25999999
31029,0.12650603,0.26907632,0.15662651
31030,0.3119266,0.37385321,0.31651375
31031,0.65497077,0.84502923,0.67836255
31032,0.29136539,0.4002552,0.30284986
31033,0.17887822,0.24456796,0.18292066
31034,0.16595136,0.22031474,0.17739628
31035,0.26404494,0.46254683,0.28277153
31036,0.41653904,0.59571213,0.44257274
31037,0.11565837,0.2935943,0.17081851
31038,0.091645077,0.17454663,0.10265544
31039,0.35416666,0.7410714,0.43154761
31040,0.18852027,0.29383886,0.19325961
31041,0.13711618,0.20418848,0.15055893
31042,0.11859444,0.15226939,0.13030747
31043,0.31797236,0.40552995,0.32258064
31044,0.14023592,0.21756226,0.1559633
31045,0.20930232,0.31782946,0.20930232
31046,0.70408165,0.94897962,0.73809522
31047,0.87944359,1.0710974,0.89335394
31048,0.1455774,0.1891892,0.14619164
31049,0.56615382,0.69692308,0.59384614
31050,0.29384419,0.44380295,0.31671292
31051,0.35955057,1.3707865,0.51685393
31052,0.3441807,0.45903522,0.34915772
31053,0.087800369,0.21256931,0.098890945
31054,1.2236842,1.6315789,1.25
31055,0.30496454,0.45744681,0.32624114
31056,0.09968847,0.16277258,0.10903427
31057,0.2,0.28682169,0.22170542
31058,0.70081532,0.76745832,0.71357673
31059,0.36733454,0.66848814,0.3885853
31060,0.01923077,0.057692308,0.01923077
31061,0.23931624,0.65811968,0.23931624
31062,0.30503979,0.42440319,0.32360741
31063,0.32238194,0.50102669,0.36755648
31064,1.5338984,1.8983051,1.5423728
31065,0.55223882,0.89552242,0.56716418
31066,0.39408866,0.62561578,0.43103448
31067,0.1163522,0.23060797,0.14779875
31068,0.35470086,0.52564102,0.38034189
31069,0.1956912,0.26660681,0.19748653
31070,0.42061281,0.56824511,0.44568247
31071,0.6606335,0.90497738,0.71493214
31072,0.28,0.34400001,0.28
31073,1.1748466,1.3108385,1.1840491
31074,0.35148516,0.86633664,0.46039605
31075,0.21103582,0.27395934,0.21878025
31076,0.44733241,0.61491108,0.4514364
31077,0.43514645,0.63179916,0.44351465
31078,0.20401338,0.47826087,0.2374582
31079,0.19846763,0.32130501,0.21774592
31080,0.10671937,0.21541502,0.12747036
31081,0.53684211,0.68070173,0.53684211
31082,0.13636364,0.47474748,0.20707071
31083,0.80000001,0.95384616,0.80000001
31084,0.27229488,0.35790727,0.2841855
31085,0.35351229,0.43517989,0.36550543
31086,0.47878787,0.84848487,0.4909091
31087,0.22947761,0.375,0.24067163
31088,0.25882354,0.40588236,0.25882354
31089,0.64984709,0.73853213,0.65022933
31090,0.24781342,0.37755102,0.24781342
31091,0.14333895,0.22428331,0.15430017
31092,0.36354274,0.44284242,0.37178168
31093,0.26322579,0.38451612,0.26322579
31094,0.37016574,0.49539596,0.39779004
31095,0.16666667,0.28181818,0.17878787
31096,0.19729729,0.24144144,0.1993565
31097,0.41909814,0.53846157,0.44297081
31098,0.2053185,0.26592454,0.21150278
31099,0.31375358,0.37822351,0.32808024
31100,0.28899083,0.46330276,0.29357797
31101,0.19471097,0.23566581,0.2007957
31102,0.4170976,0.51105732,0.42446914
31103,0.22766571,0.34870318,0.24783862
31104,0.1906293,0.23794213,0.19108866
31105,0.35746607,0.40723982,0.35746607
31106,0.15662651,0.18072289,0.15662651
32001,2.3155339,2.8203883,2.4854369
32002,0.49369746,0.57983196,0.51260507
32003,0.74285716,1,0.77142859
32004,0.26851851,0.42592594,0.33950618
32005,0.54465896,0.66409266,0.59073359
32006,0.90931678,1.0074534,0.91801244
32007,1.0504065,1.1463414,1.0634147
32008,1.1506352,1.2177858,1.1633394
32009,0.69777399,0.76027399,0.71061641
32010,0.95581925,1.1602306,0.99986589
32011,1.6456693,2.3543308,1.8188976
32012,0.26848048,0.41991785,0.31262833
32013,0.40458015,0.48396948,0.43816793
32014,0.38259667,0.43453038,0.38480663
32015,2.5813954,4.139535,3.7674417
32016,0.46143156,0.56601804,0.49722028
32017,0.8559258,1.1575161,0.95248014
32018,1.5800866,1.8398268,1.6320347
32019,1.3875464,1.6189591,1.4479554
32020,0.98548722,1.142709,1.0224602
32021,0.11734694,0.14941691,0.12755102
32022,0.55562347,0.7866748,0.60819072
32023,13.253333,15.16,13.613334
32024,0.59800857,0.68410778,0.61069894
32025,1.5257049,1.7562189,1.5936981
32026,0.15269828,0.19664758,0.15535568
32027,0.38095239,0.53209108,0.40786749
32028,1.54,2.2866666,1.9533334
32029,0.39774293,0.4954583,0.41646022
32030,1.8979592,2.8061225,2.1530612
32031,2.1157408,2.5,2.1643519
32032,1.2576832,1.7163121,1.4160757
32033,3.7394958,4.647059,3.8739495
32034,0.66612643,0.74662346,0.6796326
32035,0.24097627,0.2784462,0.24922654
32036,0.52616769,0.65259802,0.57568938
32037,0.4861432,0.60623556,0.53233254
32038,0.48967111,0.61674994,0.511895
32039,0.71578318,0.82689428,0.73824501
32040,0.43462896,0.5017668,0.4499411
32041,0.77427185,0.94902915,0.85679615
32042,0.54102659,0.76639193,0.61446232
32043,1.5113636,1.5568181,1.5113636
32044,1.3417583,1.6417582,1.4164835
32045,1.3814102,1.5961539,1.4583334
32046,1.2529833,1.3579953,1.2625299
32047,2.3586206,2.7793102,2.4344828
32048,0.52278435,0.60243988,0.53606027
32049,0.69024503,0.8240869,0.70226538
32050,0.70490092,0.90302396,0.76433784
32051,0.4925026,0.71044469,0.56747675
32052,0.47887325,0.53861099,0.49344343
32053,0.83567774,0.93797952,0.86381072
32054,0.35482395,0.44901693,0.38271606
32055,1.2993667,1.5158319,1.3500288
32056,0.84531093,1.1116208,0.91972476
32057,0.7697553,0.90413159,0.81387883
32058,1.0209424,1.1675392,1.052356
20008,,,
20106,,,
20147,,,
20191,,,
20267,,,
20479,,,
20538,,,
20556,,,
